14490,2019-02-25 18:00:00,53.98,54.01,53.93,53.95,108,0,0,4,116,2025-01-04 20:58:06,2025-01-04 20:58:06,BID
14491,2019-02-25 19:00:00,53.94,53.95,53.76,53.78,89,0,0,4,116,2025-01-04 20:58:06,2025-01-04 20:58:06,BID
14492,2019-02-25 20:00:00,53.8,53.82,53.68,53.68,71,0,0,4,116,2025-01-04 20:58:06,2025-01-04 20:58:06,BID
14493,2019-02-25 21:00:00,53.7,53.71,53.59,53.6,107,0,0,4,116,2025-01-04 20:58:06,2025-01-04 20:58:06,BID
14494,2019-02-25 22:00:00,53.61,53.61,53.45,53.48,204,0,0,4,116,2025-01-04 20:58:06,2025-01-04 20:58:06,BID
14495,2019-02-26 16:00:00,53.42,53.48,53.14,53.18,157,0,0,4,116,2025-01-04 20:58:06,2025-01-04 20:58:06,BID
14496,2019-02-26 17:00:00,53.17,53.3,53.04,53.07,229,0,0,4,116,2025-01-04 20:58:06,2025-01-04 20:58:06,BID
14497,2019-02-26 18:00:00,53.07,53.33,53.05,53.16,165,0,0,4,116,2025-01-04 20:58:06,2025-01-04 20:58:06,BID
14498,2019-02-26 19:00:00,53.16,53.18,53.01,53.02,82,0,0,4,116,2025-01-04 20:58:06,2025-01-04 20:58:06,BID
14499,2019-02-26 20:00:00,53.02,53.1,52.94,52.96,152,0,0,4,116,2025-01-04 20:58:06,2025-01-04 20:58:06,BID
14500,2019-02-26 21:00:00,52.96,52.97,52.77,52.82,244,0,0,4,116,2025-01-04 20:58:06,2025-01-04 20:58:06,BID
14501,2019-02-26 22:00:00,52.83,52.87,52.73,52.75,241,0,0,4,116,2025-01-04 20:58:06,2025-01-04 20:58:06,BID
14502,2019-02-27 16:00:00,52.71,52.84,52.67,52.73,149,0,0,4,116,2025-01-04 20:58:06,2025-01-04 20:58:06,BID
14503,2019-02-27 17:00:00,52.69,52.76,52.58,52.67,227,0,0,4,116,2025-01-04 20:58:06,2025-01-04 20:58:06,BID
14504,2019-02-27 18:00:00,52.69,52.82,52.64,52.78,161,0,0,4,116,2025-01-04 20:58:06,2025-01-04 20:58:06,BID
14505,2019-02-27 19:00:00,52.78,52.91,52.73,52.73,169,0,0,4,116,2025-01-04 20:58:06,2025-01-04 20:58:06,BID
14506,2019-02-27 20:00:00,52.73,52.85,52.65,52.7,233,0,0,4,116,2025-01-04 20:58:06,2025-01-04 20:58:06,BID
14507,2019-02-27 21:00:00,52.7,52.75,52.67,52.71,155,0,0,4,116,2025-01-04 20:58:06,2025-01-04 20:58:06,BID
14508,2019-02-27 22:00:00,52.71,52.75,52.67,52.71,154,0,0,4,116,2025-01-04 20:58:06,2025-01-04 20:58:06,BID
14509,2019-02-28 16:00:00,52.67,53.03,52.62,52.9,164,0,0,4,116,2025-01-04 20:58:06,2025-01-04 20:58:06,BID
14510,2019-02-28 17:00:00,52.9,53.17,52.69,53.1,313,0,0,4,116,2025-01-04 20:58:06,2025-01-04 20:58:06,BID
14511,2019-02-28 18:00:00,53.07,53.27,52.98,53.25,252,0,0,4,116,2025-01-04 20:58:06,2025-01-04 20:58:06,BID
14512,2019-02-28 19:00:00,53.24,53.29,53.2,53.28,113,0,0,4,116,2025-01-04 20:58:06,2025-01-04 20:58:06,BID
14513,2019-02-28 20:00:00,53.28,53.29,53.0,53.15,132,0,0,4,116,2025-01-04 20:58:06,2025-01-04 20:58:06,BID
14514,2019-02-28 21:00:00,53.15,53.16,52.88,52.91,175,0,0,4,116,2025-01-04 20:58:06,2025-01-04 20:58:06,BID
14515,2019-02-28 22:00:00,52.91,53.02,52.84,52.85,243,0,0,4,116,2025-01-04 20:58:06,2025-01-04 20:58:06,BID
14516,2019-03-01 16:00:00,53.19,53.19,52.94,52.94,126,0,0,4,116,2025-01-04 20:58:06,2025-01-04 20:58:06,BID
14517,2019-03-01 17:00:00,52.93,53.05,52.78,52.87,293,0,0,4,116,2025-01-04 20:58:06,2025-01-04 20:58:06,BID
14518,2019-03-01 18:00:00,52.89,52.89,52.6,52.66,131,0,0,4,116,2025-01-04 20:58:06,2025-01-04 20:58:06,BID
14519,2019-03-01 19:00:00,52.67,53.08,52.67,53.08,209,0,0,4,116,2025-01-04 20:58:06,2025-01-04 20:58:06,BID
14520,2019-03-01 20:00:00,53.09,53.3,53.07,53.21,139,0,0,4,116,2025-01-04 20:58:06,2025-01-04 20:58:06,BID
14521,2019-03-01 21:00:00,53.22,53.33,53.15,53.3,97,0,0,4,116,2025-01-04 20:58:06,2025-01-04 20:58:06,BID
14522,2019-03-01 22:00:00,53.3,53.51,53.27,53.5,151,0,0,4,116,2025-01-04 20:58:06,2025-01-04 20:58:06,BID
14523,2019-03-04 16:00:00,53.83,53.85,53.24,53.32,137,0,0,4,116,2025-01-04 20:58:06,2025-01-04 20:58:06,BID
14524,2019-03-04 17:00:00,53.29,53.29,52.93,52.98,317,0,0,4,116,2025-01-04 20:58:06,2025-01-04 20:58:06,BID
14525,2019-03-04 18:00:00,52.99,53.08,52.72,52.75,207,0,0,4,116,2025-01-04 20:58:06,2025-01-04 20:58:06,BID
14526,2019-03-04 19:00:00,52.73,52.89,52.66,52.85,240,0,0,4,116,2025-01-04 20:58:06,2025-01-04 20:58:06,BID
14527,2019-03-04 20:00:00,52.86,53.08,52.81,53.07,223,0,0,4,116,2025-01-04 20:58:06,2025-01-04 20:58:06,BID
14528,2019-03-04 21:00:00,53.08,53.23,53.03,53.17,168,0,0,4,116,2025-01-04 20:58:06,2025-01-04 20:58:06,BID
14529,2019-03-04 22:00:00,53.17,53.32,53.01,53.19,246,0,0,4,116,2025-01-04 20:58:06,2025-01-04 20:58:06,BID
14530,2019-03-05 16:00:00,53.21,53.36,53.04,53.22,144,0,0,4,116,2025-01-04 20:58:06,2025-01-04 20:58:06,BID
14531,2019-03-05 17:00:00,53.23,53.32,52.97,53.0,241,0,0,4,116,2025-01-04 20:58:06,2025-01-04 20:58:06,BID
14532,2019-03-05 18:00:00,53.0,53.27,52.97,53.2,180,0,0,4,116,2025-01-04 20:58:06,2025-01-04 20:58:06,BID
14533,2019-03-05 19:00:00,53.21,53.22,53.08,53.12,203,0,0,4,116,2025-01-04 20:58:06,2025-01-04 20:58:06,BID
14534,2019-03-05 20:00:00,53.13,53.34,53.06,53.3,196,0,0,4,116,2025-01-04 20:58:06,2025-01-04 20:58:06,BID
14535,2019-03-05 21:00:00,53.29,53.35,53.14,53.27,252,0,0,4,116,2025-01-04 20:58:06,2025-01-04 20:58:06,BID
14536,2019-03-05 22:00:00,53.26,53.27,53.14,53.18,171,0,0,4,116,2025-01-04 20:58:06,2025-01-04 20:58:06,BID
14537,2019-03-06 16:00:00,53.11,53.17,52.86,52.88,118,0,0,4,116,2025-01-04 20:58:06,2025-01-04 20:58:06,BID
14538,2019-03-06 17:00:00,52.89,52.97,52.77,52.86,153,0,0,4,116,2025-01-04 20:58:06,2025-01-04 20:58:06,BID
22510,2023-08-02 17:00:00,87.22,88.96,86.75,88.69,203,5,0,4,194,2025-01-04 20:58:06,2025-01-04 20:58:06,BID
22511,2023-08-02 18:00:00,88.69,89.5,88.69,89.19,292,3,0,4,194,2025-01-04 20:58:06,2025-01-04 20:58:06,BID
22512,2023-08-02 19:00:00,89.19,89.58,89.02,89.29,172,2,0,4,194,2025-01-04 20:58:06,2025-01-04 20:58:06,BID
22513,2023-08-02 20:00:00,89.28,89.41,88.58,89.11,153,3,0,4,194,2025-01-04 20:58:06,2025-01-04 20:58:06,BID
22514,2023-08-02 21:00:00,89.24,89.32,88.27,88.71,159,3,0,4,194,2025-01-04 20:58:06,2025-01-04 20:58:06,BID
22515,2023-08-02 22:00:00,88.7,88.71,88.0,88.33,230,1,0,4,194,2025-01-04 20:58:06,2025-01-04 20:58:06,BID
22516,2023-08-03 16:00:00,86.83,88.47,86.83,88.03,62,9,0,4,194,2025-01-04 20:58:06,2025-01-04 20:58:06,BID
22517,2023-08-03 17:00:00,88.14,88.47,87.4,88.14,138,4,0,4,194,2025-01-04 20:58:06,2025-01-04 20:58:06,BID
22518,2023-08-03 18:00:00,87.98,88.27,87.56,87.94,158,3,0,4,194,2025-01-04 20:58:06,2025-01-04 20:58:06,BID
22519,2023-08-03 19:00:00,88.0,88.27,87.94,88.06,126,2,0,4,194,2025-01-04 20:58:06,2025-01-04 20:58:06,BID
22520,2023-08-03 20:00:00,88.06,88.35,87.94,88.15,110,3,0,4,194,2025-01-04 20:58:06,2025-01-04 20:58:06,BID
22521,2023-08-03 21:00:00,88.15,88.35,87.53,87.79,181,1,0,4,194,2025-01-04 20:58:06,2025-01-04 20:58:06,BID
22522,2023-08-03 22:00:00,87.79,88.01,87.59,87.79,242,1,0,4,194,2025-01-04 20:58:06,2025-01-04 20:58:06,BID
22523,2023-08-04 16:00:00,87.36,88.52,87.36,88.45,60,13,0,4,194,2025-01-04 20:58:06,2025-01-04 20:58:06,BID
22524,2023-08-04 17:00:00,88.44,88.75,88.02,88.49,133,3,0,4,194,2025-01-04 20:58:06,2025-01-04 20:58:06,BID
22525,2023-08-04 18:00:00,88.65,89.31,88.41,89.31,111,2,0,4,194,2025-01-04 20:58:06,2025-01-04 20:58:06,BID
22526,2023-08-04 19:00:00,89.31,89.42,88.76,89.04,120,1,0,4,194,2025-01-04 20:58:06,2025-01-04 20:58:06,BID
22527,2023-08-04 20:00:00,89.1,89.24,88.88,88.97,102,2,0,4,194,2025-01-04 20:58:06,2025-01-04 20:58:06,BID
22528,2023-08-04 21:00:00,88.89,89.16,88.73,88.81,143,2,0,4,194,2025-01-04 20:58:06,2025-01-04 20:58:06,BID
22529,2023-08-04 22:00:00,89.02,89.02,88.09,88.39,186,2,0,4,194,2025-01-04 20:58:06,2025-01-04 20:58:06,BID
22530,2023-08-07 16:00:00,86.87,87.76,86.87,87.38,66,7,0,4,194,2025-01-04 20:58:06,2025-01-04 20:58:06,BID
22531,2023-08-07 17:00:00,87.38,87.68,87.15,87.15,194,3,0,4,194,2025-01-04 20:58:06,2025-01-04 20:58:06,BID
22532,2023-08-07 18:00:00,87.27,87.74,87.15,87.44,121,2,0,4,194,2025-01-04 20:58:06,2025-01-04 20:58:06,BID
22533,2023-08-07 19:00:00,87.44,87.81,87.3,87.49,106,3,0,4,194,2025-01-04 20:58:06,2025-01-04 20:58:06,BID
22534,2023-08-07 20:00:00,87.55,87.99,87.55,87.98,103,2,0,4,194,2025-01-04 20:58:06,2025-01-04 20:58:06,BID
22535,2023-08-07 21:00:00,87.98,88.0,87.64,87.7,124,1,0,4,194,2025-01-04 20:58:06,2025-01-04 20:58:06,BID
22536,2023-08-07 22:00:00,87.75,87.96,87.56,87.73,195,2,0,4,194,2025-01-04 20:58:06,2025-01-04 20:58:06,BID
22537,2023-08-08 16:00:00,86.7,88.69,86.7,88.63,75,10,0,4,194,2025-01-04 20:58:06,2025-01-04 20:58:06,BID
22538,2023-08-08 17:00:00,88.62,89.16,88.1,88.68,214,3,0,4,194,2025-01-04 20:58:06,2025-01-04 20:58:06,BID
22539,2023-08-08 18:00:00,88.95,89.29,88.68,89.08,181,2,0,4,194,2025-01-04 20:58:06,2025-01-04 20:58:06,BID
22540,2023-08-08 19:00:00,89.09,89.52,89.0,89.0,156,1,0,4,194,2025-01-04 20:58:06,2025-01-04 20:58:06,BID
22541,2023-08-08 20:00:00,89.01,89.74,89.0,89.51,194,2,0,4,194,2025-01-04 20:58:06,2025-01-04 20:58:06,BID
22542,2023-08-08 21:00:00,89.5,90.1,89.5,89.9,162,2,0,4,194,2025-01-04 20:58:06,2025-01-04 20:58:06,BID
22543,2023-08-08 22:00:00,90.08,90.86,89.9,90.52,299,1,0,4,194,2025-01-04 20:58:06,2025-01-04 20:58:06,BID
22544,2023-08-09 16:00:00,90.67,92.74,90.67,92.68,110,7,0,4,194,2025-01-04 20:58:06,2025-01-04 20:58:06,BID
22545,2023-08-09 17:00:00,92.68,93.84,92.5,93.72,254,2,0,4,194,2025-01-04 20:58:06,2025-01-04 20:58:06,BID
22546,2023-08-09 18:00:00,93.72,94.04,93.04,93.31,225,2,0,4,194,2025-01-04 20:58:06,2025-01-04 20:58:06,BID
22547,2023-08-09 19:00:00,93.23,93.94,92.84,93.66,181,2,0,4,194,2025-01-04 20:58:06,2025-01-04 20:58:06,BID
22548,2023-08-09 20:00:00,93.66,94.04,93.43,93.5,136,2,0,4,194,2025-01-04 20:58:06,2025-01-04 20:58:06,BID
22549,2023-08-09 21:00:00,93.68,93.81,93.01,93.11,170,1,0,4,194,2025-01-04 20:58:06,2025-01-04 20:58:06,BID
22550,2023-08-09 22:00:00,93.03,93.39,92.87,93.07,214,1,0,4,194,2025-01-04 20:58:06,2025-01-04 20:58:06,BID
22551,2023-08-10 16:00:00,92.39,92.6,91.68,91.75,102,9,0,4,194,2025-01-04 20:58:06,2025-01-04 20:58:06,BID
22552,2023-08-10 17:00:00,91.75,91.93,89.6,90.0,200,4,0,4,194,2025-01-04 20:58:06,2025-01-04 20:58:06,BID
22553,2023-08-10 18:00:00,90.0,90.76,90.0,90.5,180,1,0,4,194,2025-01-04 20:58:06,2025-01-04 20:58:06,BID
22554,2023-08-10 19:00:00,90.5,90.69,90.2,90.41,168,1,0,4,194,2025-01-04 20:58:06,2025-01-04 20:58:06,BID
22555,2023-08-10 20:00:00,90.41,91.09,90.25,90.6,204,3,0,4,194,2025-01-04 20:58:06,2025-01-04 20:58:06,BID
22556,2023-08-10 21:00:00,90.6,91.26,90.6,91.03,216,2,0,4,194,2025-01-04 20:58:06,2025-01-04 20:58:06,BID
22557,2023-08-10 22:00:00,91.22,91.34,90.47,90.77,261,2,0,4,194,2025-01-04 20:58:06,2025-01-04 20:58:06,BID
22558,2023-08-11 16:00:00,89.97,90.63,89.97,90.0,43,22,0,4,194,2025-01-04 20:58:06,2025-01-04 20:58:06,BID
22559,2023-08-11 17:00:00,90.06,90.36,89.5,89.5,146,1,0,4,194,2025-01-04 20:58:06,2025-01-04 20:58:06,BID
22560,2023-08-11 18:00:00,89.5,89.58,89.0,89.2,161,3,0,4,194,2025-01-04 20:58:06,2025-01-04 20:58:06,BID
22561,2023-08-11 19:00:00,89.2,89.49,89.12,89.25,137,2,0,4,194,2025-01-04 20:58:06,2025-01-04 20:58:06,BID
22562,2023-08-11 20:00:00,89.25,89.44,89.1,89.14,144,3,0,4,194,2025-01-04 20:58:06,2025-01-04 20:58:06,BID
22563,2023-08-11 21:00:00,89.14,89.33,88.89,89.18,167,2,0,4,194,2025-01-04 20:58:06,2025-01-04 20:58:06,BID
22564,2023-08-11 22:00:00,89.24,89.47,88.87,89.19,202,1,0,4,194,2025-01-04 20:58:06,2025-01-04 20:58:06,BID
22565,2023-08-14 16:00:00,88.66,89.48,88.66,89.47,42,13,0,4,194,2025-01-04 20:58:06,2025-01-04 20:58:06,BID
22566,2023-08-14 17:00:00,89.54,89.98,89.03,89.98,125,6,0,4,194,2025-01-04 20:58:06,2025-01-04 20:58:06,BID
22567,2023-08-14 18:00:00,89.98,90.03,89.59,89.8,124,3,0,4,194,2025-01-04 20:58:06,2025-01-04 20:58:06,BID
22568,2023-08-14 19:00:00,89.92,90.14,89.77,89.81,95,4,0,4,194,2025-01-04 20:58:06,2025-01-04 20:58:06,BID
22569,2023-08-14 20:00:00,89.95,90.31,89.81,90.14,119,1,0,4,194,2025-01-04 20:58:06,2025-01-04 20:58:06,BID
22570,2023-08-14 21:00:00,90.15,90.61,90.05,90.41,141,2,0,4,194,2025-01-04 20:58:06,2025-01-04 20:58:06,BID
22571,2023-08-14 22:00:00,90.41,90.75,90.0,90.23,232,1,0,4,194,2025-01-04 20:58:06,2025-01-04 20:58:06,BID
22572,2023-08-15 16:00:00,89.17,90.03,89.01,89.91,61,16,0,4,194,2025-01-04 20:58:06,2025-01-04 20:58:06,BID
22573,2023-08-15 17:00:00,89.91,90.75,89.91,90.52,194,2,0,4,194,2025-01-04 20:58:06,2025-01-04 20:58:06,BID
22574,2023-08-15 18:00:00,90.52,91.08,90.42,90.77,114,6,0,4,194,2025-01-04 20:58:06,2025-01-04 20:58:06,BID
22575,2023-08-15 19:00:00,90.84,91.04,90.55,90.8,95,3,0,4,194,2025-01-04 20:58:06,2025-01-04 20:58:06,BID
22576,2023-08-15 20:00:00,90.8,91.02,90.55,90.61,502,2,0,4,194,2025-01-04 20:58:06,2025-01-04 20:58:06,BID
22577,2023-08-15 21:00:00,90.61,91.03,90.46,91.01,154,2,0,4,194,2025-01-04 20:58:06,2025-01-04 20:58:06,BID
22578,2023-08-15 22:00:00,90.99,91.04,90.43,90.58,233,2,0,4,194,2025-01-04 20:58:06,2025-01-04 20:58:06,BID
22579,2023-08-16 16:00:00,89.3,90.28,89.3,90.02,60,8,0,4,194,2025-01-04 20:58:06,2025-01-04 20:58:06,BID
22580,2023-08-16 17:00:00,90.19,90.54,90.02,90.19,152,6,0,4,194,2025-01-04 20:58:06,2025-01-04 20:58:06,BID
22581,2023-08-16 18:00:00,90.02,90.28,89.82,89.98,132,3,0,4,194,2025-01-04 20:58:06,2025-01-04 20:58:06,BID
22582,2023-08-16 19:00:00,89.98,89.98,89.48,89.54,93,6,0,4,194,2025-01-04 20:58:06,2025-01-04 20:58:06,BID
22583,2023-08-16 20:00:00,89.5,89.96,89.29,89.82,156,2,0,4,194,2025-01-04 20:58:06,2025-01-04 20:58:06,BID
22584,2023-08-16 21:00:00,89.82,90.5,89.67,90.17,154,1,0,4,194,2025-01-04 20:58:06,2025-01-04 20:58:06,BID
22585,2023-08-16 22:00:00,90.17,90.67,89.65,89.86,206,2,0,4,194,2025-01-04 20:58:06,2025-01-04 20:58:06,BID
13833,2018-08-17 18:00:00,316.79,317.49,316.69,317.49,529,0,0,4,158,2025-01-04 20:58:06,2025-01-04 20:58:06,BID
13834,2018-08-17 19:00:00,317.74,317.85,316.35,316.71,736,0,0,4,158,2025-01-04 20:58:06,2025-01-04 20:58:06,BID
13835,2018-08-17 20:00:00,317.0,317.6,316.71,317.18,483,0,0,4,158,2025-01-04 20:58:06,2025-01-04 20:58:06,BID
13836,2018-08-17 21:00:00,317.15,318.57,317.15,318.35,985,0,0,4,158,2025-01-04 20:58:06,2025-01-04 20:58:06,BID
13837,2018-08-17 22:00:00,318.35,318.71,317.76,318.38,272,0,0,4,158,2025-01-04 20:58:06,2025-01-04 20:58:06,BID
13838,2018-08-20 16:00:00,318.37,319.05,318.37,319.05,51,0,0,4,158,2025-01-04 20:58:06,2025-01-04 20:58:06,BID
13839,2018-08-20 17:00:00,319.05,320.35,318.28,318.28,705,0,0,4,158,2025-01-04 20:58:06,2025-01-04 20:58:06,BID
13840,2018-08-20 18:00:00,318.28,320.33,318.28,320.33,557,0,0,4,158,2025-01-04 20:58:06,2025-01-04 20:58:06,BID
13841,2018-08-20 19:00:00,320.33,320.33,319.57,319.88,268,0,0,4,158,2025-01-04 20:58:06,2025-01-04 20:58:06,BID
13842,2018-08-20 20:00:00,319.88,320.05,319.41,319.67,147,0,0,4,158,2025-01-04 20:58:06,2025-01-04 20:58:06,BID
13843,2018-08-20 21:00:00,319.71,319.74,318.07,318.45,833,0,0,4,158,2025-01-04 20:58:06,2025-01-04 20:58:06,BID
13844,2018-08-20 22:00:00,318.45,319.93,317.99,318.74,704,0,0,4,158,2025-01-04 20:58:06,2025-01-04 20:58:06,BID
13845,2018-08-21 16:00:00,318.8,320.81,318.74,320.26,524,0,0,4,158,2025-01-04 20:58:06,2025-01-04 20:58:06,BID
13846,2018-08-21 17:00:00,320.64,320.64,318.98,319.83,286,0,0,4,158,2025-01-04 20:58:06,2025-01-04 20:58:06,BID
13847,2018-08-21 18:00:00,319.45,321.24,319.45,320.89,571,0,0,4,158,2025-01-04 20:58:06,2025-01-04 20:58:06,BID
13848,2018-08-21 19:00:00,320.79,321.52,320.79,321.12,175,0,0,4,158,2025-01-04 20:58:06,2025-01-04 20:58:06,BID
13849,2018-08-21 20:00:00,321.12,321.19,320.62,320.8,301,0,0,4,158,2025-01-04 20:58:06,2025-01-04 20:58:06,BID
13850,2018-08-21 21:00:00,320.75,320.75,320.2,320.33,569,0,0,4,158,2025-01-04 20:58:06,2025-01-04 20:58:06,BID
13851,2018-08-21 22:00:00,320.22,320.4,319.56,319.97,462,0,0,4,158,2025-01-04 20:58:06,2025-01-04 20:58:06,BID
13852,2018-08-22 16:00:00,321.37,321.37,318.02,319.95,6589,0,0,4,158,2025-01-04 20:58:06,2025-01-04 20:58:06,BID
13853,2018-08-22 17:00:00,319.95,319.95,318.22,319.15,837,0,0,4,158,2025-01-04 20:58:06,2025-01-04 20:58:06,BID
13854,2018-08-22 18:00:00,319.32,321.35,318.98,320.61,1160,0,0,4,158,2025-01-04 20:58:06,2025-01-04 20:58:06,BID
13855,2018-08-22 19:00:00,320.61,320.61,318.74,318.74,491,0,0,4,158,2025-01-04 20:58:06,2025-01-04 20:58:06,BID
13856,2018-08-22 20:00:00,318.74,319.12,318.15,318.62,865,0,0,4,158,2025-01-04 20:58:06,2025-01-04 20:58:06,BID
13857,2018-08-22 21:00:00,318.67,318.67,317.79,318.44,162,0,0,4,158,2025-01-04 20:58:06,2025-01-04 20:58:06,BID
13858,2018-08-22 22:00:00,318.45,319.38,318.18,319.38,489,0,0,4,158,2025-01-04 20:58:06,2025-01-04 20:58:06,BID
13859,2018-08-23 16:00:00,319.24,319.38,319.16,319.16,365,0,0,4,158,2025-01-04 20:58:06,2025-01-04 20:58:06,BID
13860,2018-08-23 17:00:00,319.16,321.03,318.29,320.2,1462,0,0,4,158,2025-01-04 20:58:06,2025-01-04 20:58:06,BID
13861,2018-08-23 18:00:00,320.2,320.62,318.19,319.25,987,0,0,4,158,2025-01-04 20:58:06,2025-01-04 20:58:06,BID
13862,2018-08-23 19:00:00,319.34,320.63,319.34,320.14,1126,0,0,4,158,2025-01-04 20:58:06,2025-01-04 20:58:06,BID
13863,2018-08-23 20:00:00,320.2,320.2,319.16,319.52,1244,0,0,4,158,2025-01-04 20:58:06,2025-01-04 20:58:06,BID
13864,2018-08-23 21:00:00,319.52,320.4,319.05,319.09,501,0,0,4,158,2025-01-04 20:58:06,2025-01-04 20:58:06,BID
13865,2018-08-23 22:00:00,319.06,319.96,318.93,319.55,903,0,0,4,158,2025-01-04 20:58:06,2025-01-04 20:58:06,BID
13866,2018-08-24 16:00:00,319.67,320.73,318.71,319.17,1646,0,0,4,158,2025-01-04 20:58:06,2025-01-04 20:58:06,BID
13867,2018-08-24 17:00:00,319.34,323.69,319.34,321.31,1661,0,0,4,158,2025-01-04 20:58:06,2025-01-04 20:58:06,BID
13868,2018-08-24 18:00:00,321.4,322.54,321.06,322.14,524,0,0,4,158,2025-01-04 20:58:06,2025-01-04 20:58:06,BID
13869,2018-08-24 19:00:00,322.14,322.4,321.66,321.75,471,0,0,4,158,2025-01-04 20:58:06,2025-01-04 20:58:06,BID
13870,2018-08-24 20:00:00,322.2,322.45,321.54,321.54,224,0,0,4,158,2025-01-04 20:58:06,2025-01-04 20:58:06,BID
13871,2018-08-24 21:00:00,320.94,321.12,320.27,320.86,510,0,0,4,158,2025-01-04 20:58:06,2025-01-04 20:58:06,BID
13872,2018-08-24 22:00:00,320.86,321.62,320.36,321.13,710,0,0,4,158,2025-01-04 20:58:06,2025-01-04 20:58:06,BID
13873,2018-08-27 16:00:00,320.98,322.18,320.98,322.08,59,0,0,4,158,2025-01-04 20:58:06,2025-01-04 20:58:06,BID
13874,2018-08-27 17:00:00,322.08,322.52,320.27,320.5,506,0,0,4,158,2025-01-04 20:58:06,2025-01-04 20:58:06,BID
13875,2018-08-27 18:00:00,320.8,320.8,319.23,319.23,1255,0,0,4,158,2025-01-04 20:58:06,2025-01-04 20:58:06,BID
13876,2018-08-27 19:00:00,319.23,319.57,319.0,319.49,159,0,0,4,158,2025-01-04 20:58:06,2025-01-04 20:58:06,BID
13877,2018-08-27 20:00:00,319.5,319.6,317.38,317.95,515,0,0,4,158,2025-01-04 20:58:06,2025-01-04 20:58:06,BID
13878,2018-08-27 21:00:00,318.26,318.27,317.68,317.68,129,0,0,4,158,2025-01-04 20:58:06,2025-01-04 20:58:06,BID
13879,2018-08-27 22:00:00,317.83,317.95,316.58,316.75,1272,0,0,4,158,2025-01-04 20:58:06,2025-01-04 20:58:06,BID
13880,2018-08-28 16:00:00,316.71,318.77,316.58,317.22,723,0,0,4,158,2025-01-04 20:58:06,2025-01-04 20:58:06,BID
13881,2018-08-28 17:00:00,317.47,320.4,317.47,319.36,964,0,0,4,158,2025-01-04 20:58:06,2025-01-04 20:58:06,BID
13882,2018-08-28 18:00:00,319.5,320.94,319.05,319.43,781,0,0,4,158,2025-01-04 20:58:06,2025-01-04 20:58:06,BID
13883,2018-08-28 19:00:00,319.69,320.48,319.43,319.85,406,0,0,4,158,2025-01-04 20:58:06,2025-01-04 20:58:06,BID
13884,2018-08-28 20:00:00,319.86,321.7,319.83,320.62,396,0,0,4,158,2025-01-04 20:58:06,2025-01-04 20:58:06,BID
13885,2018-08-28 21:00:00,320.98,321.82,320.47,321.59,852,0,0,4,158,2025-01-04 20:58:06,2025-01-04 20:58:06,BID
13886,2018-08-28 22:00:00,321.73,322.2,321.05,321.48,737,0,0,4,158,2025-01-04 20:58:06,2025-01-04 20:58:06,BID
13887,2018-08-29 16:00:00,321.48,325.75,321.48,323.5,1189,0,0,4,158,2025-01-04 20:58:06,2025-01-04 20:58:06,BID
13888,2018-08-29 17:00:00,323.5,323.56,321.14,321.66,1068,0,0,4,158,2025-01-04 20:58:06,2025-01-04 20:58:06,BID
13889,2018-08-29 18:00:00,321.66,321.92,320.97,320.97,571,0,0,4,158,2025-01-04 20:58:06,2025-01-04 20:58:06,BID
13890,2018-08-29 19:00:00,320.97,321.52,320.89,321.13,231,0,0,4,158,2025-01-04 20:58:06,2025-01-04 20:58:06,BID
13891,2018-08-29 20:00:00,321.22,321.52,319.62,319.62,344,0,0,4,158,2025-01-04 20:58:06,2025-01-04 20:58:06,BID
13892,2018-08-29 21:00:00,319.63,320.38,319.1,319.96,594,0,0,4,158,2025-01-04 20:58:06,2025-01-04 20:58:06,BID
13893,2018-08-29 22:00:00,319.97,321.38,319.96,320.34,983,0,0,4,158,2025-01-04 20:58:06,2025-01-04 20:58:06,BID
13894,2018-08-30 16:00:00,320.34,320.36,319.54,319.54,109,0,0,4,158,2025-01-04 20:58:06,2025-01-04 20:58:06,BID
13895,2018-08-30 17:00:00,319.51,322.1,319.51,322.0,1558,0,0,4,158,2025-01-04 20:58:06,2025-01-04 20:58:06,BID
13896,2018-08-30 18:00:00,322.4,322.73,319.93,319.98,1122,0,0,4,158,2025-01-04 20:58:06,2025-01-04 20:58:06,BID
13897,2018-08-30 19:00:00,319.93,320.33,319.57,320.31,116,0,0,4,158,2025-01-04 20:58:06,2025-01-04 20:58:06,BID
13898,2018-08-30 20:00:00,320.3,320.51,320.07,320.07,115,0,0,4,158,2025-01-04 20:58:06,2025-01-04 20:58:06,BID
13899,2018-08-30 21:00:00,320.07,320.66,319.37,319.86,94,0,0,4,158,2025-01-04 20:58:06,2025-01-04 20:58:06,BID
13900,2018-08-30 22:00:00,319.86,320.32,319.17,320.05,490,0,0,4,158,2025-01-04 20:58:06,2025-01-04 20:58:06,BID
13901,2018-08-31 16:00:00,320.05,321.51,319.36,319.98,1075,0,0,4,158,2025-01-04 20:58:06,2025-01-04 20:58:06,BID
13902,2018-08-31 17:00:00,319.98,321.3,319.41,319.96,650,0,0,4,158,2025-01-04 20:58:06,2025-01-04 20:58:06,BID
13903,2018-08-31 18:00:00,319.96,323.23,319.96,322.4,638,0,0,4,158,2025-01-04 20:58:06,2025-01-04 20:58:06,BID
13904,2018-08-31 19:00:00,322.02,322.97,322.02,322.95,1317,0,0,4,158,2025-01-04 20:58:06,2025-01-04 20:58:06,BID
13905,2018-08-31 20:00:00,322.27,323.32,322.18,323.3,1291,0,0,4,158,2025-01-04 20:58:06,2025-01-04 20:58:06,BID
1786,2011-10-05 19:00:00,29.62,29.73,28.91,29.3,595,0,0,4,64,2025-01-04 20:58:06,2025-01-04 20:58:06,BID
1787,2011-10-05 20:00:00,29.27,29.68,29.27,29.56,598,0,0,4,64,2025-01-04 20:58:06,2025-01-04 20:58:06,BID
1788,2011-10-05 21:00:00,29.58,29.73,29.26,29.53,568,0,0,4,64,2025-01-04 20:58:06,2025-01-04 20:58:06,BID
1789,2011-10-05 22:00:00,29.54,30.29,29.33,30.08,811,0,0,4,64,2025-01-04 20:58:06,2025-01-04 20:58:06,BID
1790,2011-10-06 16:00:00,29.83,30.15,29.71,30.08,568,0,0,4,64,2025-01-04 20:58:06,2025-01-04 20:58:06,BID
1791,2011-10-06 17:00:00,30.04,30.64,29.86,30.53,834,0,0,4,64,2025-01-04 20:58:06,2025-01-04 20:58:06,BID
1792,2011-10-06 18:00:00,30.55,30.88,30.41,30.71,587,0,0,4,64,2025-01-04 20:58:06,2025-01-04 20:58:06,BID
1793,2011-10-06 19:00:00,30.7,31.14,30.59,30.77,481,0,0,4,64,2025-01-04 20:58:06,2025-01-04 20:58:06,BID
1794,2011-10-06 20:00:00,30.75,30.84,30.23,30.59,539,0,0,4,64,2025-01-04 20:58:06,2025-01-04 20:58:06,BID
1795,2011-10-06 21:00:00,30.59,30.84,30.41,30.74,600,0,0,4,64,2025-01-04 20:58:06,2025-01-04 20:58:06,BID
1796,2011-10-06 22:00:00,30.75,31.1,30.57,31.05,858,0,0,4,64,2025-01-04 20:58:06,2025-01-04 20:58:06,BID
1797,2011-10-07 16:00:00,31.37,31.7,31.12,31.34,584,0,0,4,64,2025-01-04 20:58:06,2025-01-04 20:58:06,BID
1798,2011-10-07 17:00:00,31.31,31.99,31.09,31.35,902,0,0,4,64,2025-01-04 20:58:06,2025-01-04 20:58:06,BID
1799,2011-10-07 18:00:00,31.34,31.5,30.94,31.48,645,0,0,4,64,2025-01-04 20:58:06,2025-01-04 20:58:06,BID
1800,2011-10-07 19:00:00,31.51,31.59,30.73,30.81,979,0,0,4,64,2025-01-04 20:58:06,2025-01-04 20:58:06,BID
1801,2011-10-07 20:00:00,30.81,31.1,30.63,31.07,507,0,0,4,64,2025-01-04 20:58:06,2025-01-04 20:58:06,BID
1802,2011-10-07 21:00:00,31.08,31.61,31.08,31.21,810,0,0,4,64,2025-01-04 20:58:06,2025-01-04 20:58:06,BID
1803,2011-10-07 22:00:00,31.21,31.72,30.83,30.87,886,0,0,4,64,2025-01-04 20:58:06,2025-01-04 20:58:06,BID
1804,2011-10-10 16:00:00,31.63,32.37,31.41,32.37,381,0,0,4,64,2025-01-04 20:58:06,2025-01-04 20:58:06,BID
1805,2011-10-10 17:00:00,32.37,32.84,32.17,32.4,654,0,0,4,64,2025-01-04 20:58:06,2025-01-04 20:58:06,BID
1806,2011-10-10 18:00:00,32.43,32.54,32.16,32.5,403,0,0,4,64,2025-01-04 20:58:06,2025-01-04 20:58:06,BID
1807,2011-10-10 19:00:00,32.5,32.58,32.29,32.38,410,0,0,4,64,2025-01-04 20:58:06,2025-01-04 20:58:06,BID
1808,2011-10-10 20:00:00,32.37,32.55,32.31,32.46,350,0,0,4,64,2025-01-04 20:58:06,2025-01-04 20:58:06,BID
1809,2011-10-10 21:00:00,32.46,32.54,32.07,32.08,435,0,0,4,64,2025-01-04 20:58:06,2025-01-04 20:58:06,BID
1810,2011-10-10 22:00:00,32.08,32.48,31.53,32.47,708,0,0,4,64,2025-01-04 20:58:06,2025-01-04 20:58:06,BID
1811,2011-10-11 16:00:00,32.09,32.7,32.0,32.61,502,0,0,4,64,2025-01-04 20:58:06,2025-01-04 20:58:06,BID
1812,2011-10-11 17:00:00,32.58,33.59,32.38,33.15,610,0,0,4,64,2025-01-04 20:58:06,2025-01-04 20:58:06,BID
1813,2011-10-11 18:00:00,33.19,33.56,32.85,33.43,483,0,0,4,64,2025-01-04 20:58:06,2025-01-04 20:58:06,BID
1814,2011-10-11 19:00:00,33.47,33.69,33.24,33.67,499,0,0,4,64,2025-01-04 20:58:06,2025-01-04 20:58:06,BID
1815,2011-10-11 20:00:00,33.66,33.74,33.27,33.67,552,0,0,4,64,2025-01-04 20:58:06,2025-01-04 20:58:06,BID
1816,2011-10-11 21:00:00,33.67,33.73,33.25,33.66,516,0,0,4,64,2025-01-04 20:58:06,2025-01-04 20:58:06,BID
1817,2011-10-11 22:00:00,33.67,34.17,33.61,33.88,768,0,0,4,64,2025-01-04 20:58:06,2025-01-04 20:58:06,BID
1818,2011-10-12 16:00:00,34.2,34.36,33.79,34.02,555,0,0,4,64,2025-01-04 20:58:06,2025-01-04 20:58:06,BID
1819,2011-10-12 17:00:00,34.02,35.45,33.9,34.83,656,0,0,4,64,2025-01-04 20:58:06,2025-01-04 20:58:06,BID
1820,2011-10-12 18:00:00,34.8,35.37,34.8,35.16,517,0,0,4,64,2025-01-04 20:58:06,2025-01-04 20:58:06,BID
1821,2011-10-12 19:00:00,35.16,35.33,35.04,35.13,419,0,0,4,64,2025-01-04 20:58:06,2025-01-04 20:58:06,BID
1822,2011-10-12 20:00:00,35.13,35.26,34.84,34.86,477,0,0,4,64,2025-01-04 20:58:06,2025-01-04 20:58:06,BID
1823,2011-10-12 21:00:00,34.87,35.04,34.67,34.96,618,0,0,4,64,2025-01-04 20:58:06,2025-01-04 20:58:06,BID
1824,2011-10-12 22:00:00,34.95,34.99,34.34,34.51,904,0,0,4,64,2025-01-04 20:58:06,2025-01-04 20:58:06,BID
1825,2011-10-13 16:00:00,34.09,34.4,33.81,33.92,553,0,0,4,64,2025-01-04 20:58:06,2025-01-04 20:58:06,BID
1826,2011-10-13 17:00:00,33.94,33.98,33.24,33.28,747,0,0,4,64,2025-01-04 20:58:06,2025-01-04 20:58:06,BID
1827,2011-10-13 18:00:00,33.29,33.9,33.11,33.82,612,0,0,4,64,2025-01-04 20:58:06,2025-01-04 20:58:06,BID
1828,2011-10-13 19:00:00,33.8,33.97,33.68,33.94,391,0,0,4,64,2025-01-04 20:58:06,2025-01-04 20:58:06,BID
1829,2011-10-13 20:00:00,33.93,34.15,33.28,33.33,614,0,0,4,64,2025-01-04 20:58:06,2025-01-04 20:58:06,BID
1830,2011-10-13 21:00:00,33.28,33.84,33.25,33.7,599,0,0,4,64,2025-01-04 20:58:06,2025-01-04 20:58:06,BID
1831,2011-10-13 22:00:00,33.7,33.92,33.42,33.62,780,0,0,4,64,2025-01-04 20:58:06,2025-01-04 20:58:06,BID
1832,2011-10-14 16:00:00,34.5,35.24,34.32,35.15,483,0,0,4,64,2025-01-04 20:58:06,2025-01-04 20:58:06,BID
1833,2011-10-14 17:00:00,35.14,35.56,34.71,35.4,686,0,0,4,64,2025-01-04 20:58:06,2025-01-04 20:58:06,BID
1834,2011-10-14 18:00:00,35.41,35.42,34.92,35.14,548,0,0,4,64,2025-01-04 20:58:06,2025-01-04 20:58:06,BID
1835,2011-10-14 19:00:00,35.06,35.09,34.58,34.62,481,0,0,4,64,2025-01-04 20:58:06,2025-01-04 20:58:06,BID
1836,2011-10-14 20:00:00,34.61,35.33,34.6,35.3,408,0,0,4,64,2025-01-04 20:58:06,2025-01-04 20:58:06,BID
1837,2011-10-14 21:00:00,35.3,35.5,35.06,35.5,434,0,0,4,64,2025-01-04 20:58:06,2025-01-04 20:58:06,BID
1838,2011-10-14 22:00:00,35.48,35.86,35.29,35.6,565,0,0,4,64,2025-01-04 20:58:06,2025-01-04 20:58:06,BID
1839,2011-10-17 16:00:00,35.35,35.41,34.17,34.26,475,0,0,4,64,2025-01-04 20:58:06,2025-01-04 20:58:06,BID
1840,2011-10-17 17:00:00,34.28,34.31,33.47,33.72,729,0,0,4,64,2025-01-04 20:58:06,2025-01-04 20:58:06,BID
1841,2011-10-17 18:00:00,33.7,33.74,33.19,33.36,499,0,0,4,64,2025-01-04 20:58:06,2025-01-04 20:58:06,BID
1842,2011-10-17 19:00:00,33.35,33.42,33.14,33.23,442,0,0,4,64,2025-01-04 20:58:06,2025-01-04 20:58:06,BID
1843,2011-10-17 20:00:00,33.23,33.37,33.06,33.28,475,0,0,4,64,2025-01-04 20:58:06,2025-01-04 20:58:06,BID
1844,2011-10-17 21:00:00,33.29,33.34,32.91,33.25,487,0,0,4,64,2025-01-04 20:58:06,2025-01-04 20:58:06,BID
1845,2011-10-17 22:00:00,33.24,33.35,32.85,32.9,688,0,0,4,64,2025-01-04 20:58:06,2025-01-04 20:58:06,BID
1846,2011-10-18 16:00:00,33.13,33.42,32.41,32.54,500,0,0,4,64,2025-01-04 20:58:06,2025-01-04 20:58:06,BID
1847,2011-10-18 17:00:00,32.54,34.08,32.45,33.84,694,0,0,4,64,2025-01-04 20:58:06,2025-01-04 20:58:06,BID
1848,2011-10-18 18:00:00,33.82,34.35,33.5,34.11,582,0,0,4,64,2025-01-04 20:58:06,2025-01-04 20:58:06,BID
1849,2011-10-18 19:00:00,34.13,34.43,33.96,34.27,429,0,0,4,64,2025-01-04 20:58:06,2025-01-04 20:58:06,BID
1850,2011-10-18 20:00:00,34.27,34.32,33.92,34.24,331,0,0,4,64,2025-01-04 20:58:06,2025-01-04 20:58:06,BID
1851,2011-10-18 21:00:00,34.25,34.53,34.09,34.27,603,0,0,4,64,2025-01-04 20:58:06,2025-01-04 20:58:06,BID
1852,2011-10-18 22:00:00,34.26,35.17,34.26,34.64,1186,0,0,4,64,2025-01-04 20:58:06,2025-01-04 20:58:06,BID
1853,2011-10-19 16:00:00,34.61,34.95,34.21,34.46,453,0,0,4,64,2025-01-04 20:58:06,2025-01-04 20:58:06,BID
1854,2011-10-19 17:00:00,34.49,35.48,34.15,35.19,830,0,0,4,64,2025-01-04 20:58:06,2025-01-04 20:58:06,BID
1855,2011-10-19 18:00:00,35.17,35.27,34.71,34.82,554,0,0,4,64,2025-01-04 20:58:06,2025-01-04 20:58:06,BID
1856,2011-10-19 19:00:00,34.82,35.22,34.75,35.06,492,0,0,4,64,2025-01-04 20:58:06,2025-01-04 20:58:06,BID
1857,2011-10-19 20:00:00,35.05,35.29,34.88,35.17,454,0,0,4,64,2025-01-04 20:58:06,2025-01-04 20:58:06,BID
1858,2011-10-19 21:00:00,35.16,35.22,34.34,34.52,767,0,0,4,64,2025-01-04 20:58:06,2025-01-04 20:58:06,BID
1859,2011-10-19 22:00:00,34.48,34.56,34.16,34.33,915,0,0,4,64,2025-01-04 20:58:06,2025-01-04 20:58:06,BID
1860,2011-10-20 16:00:00,34.45,34.45,33.37,33.87,524,0,0,4,64,2025-01-04 20:58:06,2025-01-04 20:58:06,BID
1861,2011-10-20 17:00:00,33.84,34.56,33.84,33.93,866,0,0,4,64,2025-01-04 20:58:06,2025-01-04 20:58:06,BID
1862,2011-10-20 18:00:00,33.93,34.03,33.51,33.61,501,0,0,4,64,2025-01-04 20:58:06,2025-01-04 20:58:06,BID
14539,2019-03-06 18:00:00,52.87,52.92,52.61,52.72,152,0,0,4,116,2025-01-04 20:58:06,2025-01-04 20:58:06,BID
14540,2019-03-06 19:00:00,52.72,52.93,52.71,52.81,180,0,0,4,116,2025-01-04 20:58:06,2025-01-04 20:58:06,BID
14541,2019-03-06 20:00:00,52.79,52.9,52.76,52.85,94,0,0,4,116,2025-01-04 20:58:06,2025-01-04 20:58:06,BID
14542,2019-03-06 21:00:00,52.84,52.97,52.66,52.71,151,0,0,4,116,2025-01-04 20:58:06,2025-01-04 20:58:06,BID
14543,2019-03-06 22:00:00,52.7,52.86,52.64,52.75,197,0,0,4,116,2025-01-04 20:58:06,2025-01-04 20:58:06,BID
14544,2019-03-07 16:00:00,52.7,52.77,52.44,52.61,112,0,0,4,116,2025-01-04 20:58:06,2025-01-04 20:58:06,BID
14545,2019-03-07 17:00:00,52.62,52.62,52.19,52.5,278,0,0,4,116,2025-01-04 20:58:06,2025-01-04 20:58:06,BID
14546,2019-03-07 18:00:00,52.5,52.62,52.41,52.5,131,0,0,4,116,2025-01-04 20:58:06,2025-01-04 20:58:06,BID
14547,2019-03-07 19:00:00,52.5,52.56,52.36,52.53,141,0,0,4,116,2025-01-04 20:58:06,2025-01-04 20:58:06,BID
14548,2019-03-07 20:00:00,52.53,52.55,52.46,52.5,115,0,0,4,116,2025-01-04 20:58:06,2025-01-04 20:58:06,BID
14549,2019-03-07 21:00:00,52.48,52.55,52.37,52.42,142,0,0,4,116,2025-01-04 20:58:06,2025-01-04 20:58:06,BID
14550,2019-03-07 22:00:00,52.42,52.8,52.4,52.75,279,0,0,4,116,2025-01-04 20:58:06,2025-01-04 20:58:06,BID
14551,2019-03-08 16:00:00,52.56,52.79,52.51,52.71,170,0,0,4,116,2025-01-04 20:58:06,2025-01-04 20:58:06,BID
14552,2019-03-08 17:00:00,52.7,52.95,52.67,52.85,258,0,0,4,116,2025-01-04 20:58:06,2025-01-04 20:58:06,BID
14553,2019-03-08 18:00:00,52.84,53.0,52.82,52.92,146,0,0,4,116,2025-01-04 20:58:06,2025-01-04 20:58:06,BID
14554,2019-03-08 19:00:00,52.91,52.98,52.86,52.88,131,0,0,4,116,2025-01-04 20:58:06,2025-01-04 20:58:06,BID
14555,2019-03-08 20:00:00,52.88,53.06,52.84,53.03,172,0,0,4,116,2025-01-04 20:58:06,2025-01-04 20:58:06,BID
14556,2019-03-08 21:00:00,53.03,53.07,52.95,53.05,131,0,0,4,116,2025-01-04 20:58:06,2025-01-04 20:58:06,BID
14557,2019-03-08 22:00:00,53.05,53.29,52.98,53.27,195,0,0,4,116,2025-01-04 20:58:06,2025-01-04 20:58:06,BID
14558,2019-03-11 16:00:00,53.55,53.91,53.5,53.78,237,0,0,4,116,2025-01-04 20:58:06,2025-01-04 20:58:06,BID
14559,2019-03-11 17:00:00,53.77,53.97,53.76,53.96,240,0,0,4,116,2025-01-04 20:58:06,2025-01-04 20:58:06,BID
14560,2019-03-11 18:00:00,53.97,54.15,53.93,54.14,170,0,0,4,116,2025-01-04 20:58:06,2025-01-04 20:58:06,BID
14561,2019-03-11 19:00:00,54.14,54.38,54.11,54.35,193,0,0,4,116,2025-01-04 20:58:06,2025-01-04 20:58:06,BID
14562,2019-03-11 20:00:00,54.35,54.59,54.35,54.56,175,0,0,4,116,2025-01-04 20:58:06,2025-01-04 20:58:06,BID
14563,2019-03-11 21:00:00,54.56,54.99,54.53,54.86,317,0,0,4,116,2025-01-04 20:58:06,2025-01-04 20:58:06,BID
14564,2019-03-11 22:00:00,54.86,55.39,54.79,55.24,469,0,0,4,116,2025-01-04 20:58:06,2025-01-04 20:58:06,BID
14565,2019-03-12 16:00:00,55.5,55.53,55.3,55.35,306,0,0,4,116,2025-01-04 20:58:06,2025-01-04 20:58:06,BID
14566,2019-03-12 17:00:00,55.33,55.44,55.14,55.36,339,0,0,4,116,2025-01-04 20:58:06,2025-01-04 20:58:06,BID
14567,2019-03-12 18:00:00,55.35,55.64,55.33,55.64,232,0,0,4,116,2025-01-04 20:58:06,2025-01-04 20:58:06,BID
14568,2019-03-12 19:00:00,55.63,55.7,55.58,55.68,172,0,0,4,116,2025-01-04 20:58:06,2025-01-04 20:58:06,BID
14569,2019-03-12 20:00:00,55.69,55.74,55.64,55.7,164,0,0,4,116,2025-01-04 20:58:06,2025-01-04 20:58:06,BID
14570,2019-03-12 21:00:00,55.71,55.75,55.68,55.74,169,0,0,4,116,2025-01-04 20:58:06,2025-01-04 20:58:06,BID
14571,2019-03-12 22:00:00,55.75,55.76,55.58,55.67,216,0,0,4,116,2025-01-04 20:58:06,2025-01-04 20:58:06,BID
14572,2019-03-13 16:00:00,55.9,56.27,55.86,56.19,155,0,0,4,116,2025-01-04 20:58:06,2025-01-04 20:58:06,BID
14573,2019-03-13 17:00:00,56.18,56.18,55.98,56.08,236,0,0,4,116,2025-01-04 20:58:06,2025-01-04 20:58:06,BID
14574,2019-03-13 18:00:00,56.07,56.18,56.06,56.12,222,0,0,4,116,2025-01-04 20:58:06,2025-01-04 20:58:06,BID
14575,2019-03-13 19:00:00,56.12,56.15,55.98,55.99,190,0,0,4,116,2025-01-04 20:58:06,2025-01-04 20:58:06,BID
14576,2019-03-13 20:00:00,56.0,56.04,55.91,55.94,138,0,0,4,116,2025-01-04 20:58:06,2025-01-04 20:58:06,BID
14577,2019-03-13 21:00:00,55.94,55.97,55.81,55.85,186,0,0,4,116,2025-01-04 20:58:06,2025-01-04 20:58:06,BID
14578,2019-03-13 22:00:00,55.85,55.99,55.8,55.91,241,0,0,4,116,2025-01-04 20:58:06,2025-01-04 20:58:06,BID
14579,2019-03-14 16:00:00,55.91,56.01,55.88,55.96,127,0,0,4,116,2025-01-04 20:58:06,2025-01-04 20:58:06,BID
14580,2019-03-14 17:00:00,55.95,56.1,55.9,56.06,185,0,0,4,116,2025-01-04 20:58:06,2025-01-04 20:58:06,BID
14581,2019-03-14 18:00:00,56.07,56.12,55.97,56.12,136,0,0,4,116,2025-01-04 20:58:06,2025-01-04 20:58:06,BID
14582,2019-03-14 19:00:00,56.1,56.31,56.1,56.24,139,0,0,4,116,2025-01-04 20:58:06,2025-01-04 20:58:06,BID
14583,2019-03-14 20:00:00,56.25,56.25,56.12,56.13,112,0,0,4,116,2025-01-04 20:58:06,2025-01-04 20:58:06,BID
14584,2019-03-14 21:00:00,56.13,56.15,56.04,56.06,127,0,0,4,116,2025-01-04 20:58:06,2025-01-04 20:58:06,BID
14585,2019-03-14 22:00:00,56.06,56.27,56.05,56.2,241,0,0,4,116,2025-01-04 20:58:06,2025-01-04 20:58:06,BID
14586,2019-03-15 16:00:00,56.27,56.32,56.12,56.22,150,0,0,4,116,2025-01-04 20:58:06,2025-01-04 20:58:06,BID
14587,2019-03-15 17:00:00,56.22,56.35,56.1,56.35,194,0,0,4,116,2025-01-04 20:58:06,2025-01-04 20:58:06,BID
14588,2019-03-15 18:00:00,56.34,56.49,56.33,56.4,114,0,0,4,116,2025-01-04 20:58:06,2025-01-04 20:58:06,BID
14589,2019-03-15 19:00:00,56.42,56.6,56.4,56.54,107,0,0,4,116,2025-01-04 20:58:06,2025-01-04 20:58:06,BID
14590,2019-03-15 20:00:00,56.53,56.58,56.52,56.57,124,0,0,4,116,2025-01-04 20:58:06,2025-01-04 20:58:06,BID
14591,2019-03-15 21:00:00,56.56,56.59,56.51,56.58,130,0,0,4,116,2025-01-04 20:58:06,2025-01-04 20:58:06,BID
14592,2019-03-15 22:00:00,56.58,56.63,56.4,56.57,206,0,0,4,116,2025-01-04 20:58:06,2025-01-04 20:58:06,BID
14593,2019-03-18 16:00:00,56.8,56.8,56.45,56.53,243,0,0,4,116,2025-01-04 20:58:06,2025-01-04 20:58:06,BID
14594,2019-03-18 17:00:00,56.51,57.06,56.48,56.9,258,0,0,4,116,2025-01-04 20:58:06,2025-01-04 20:58:06,BID
14595,2019-03-18 18:00:00,56.9,56.93,56.54,56.74,227,0,0,4,116,2025-01-04 20:58:06,2025-01-04 20:58:06,BID
14596,2019-03-18 19:00:00,56.74,56.74,56.52,56.71,287,0,0,4,116,2025-01-04 20:58:06,2025-01-04 20:58:06,BID
14597,2019-03-18 20:00:00,56.71,56.74,56.59,56.66,191,0,0,4,116,2025-01-04 20:58:06,2025-01-04 20:58:06,BID
14598,2019-03-18 21:00:00,56.65,56.83,56.65,56.77,194,0,0,4,116,2025-01-04 20:58:06,2025-01-04 20:58:06,BID
14599,2019-03-18 22:00:00,56.76,57.12,56.74,57.11,267,0,0,4,116,2025-01-04 20:58:06,2025-01-04 20:58:06,BID
14600,2019-03-19 16:00:00,57.43,57.5,57.2,57.32,262,0,0,4,116,2025-01-04 20:58:06,2025-01-04 20:58:06,BID
14601,2019-03-19 17:00:00,57.33,57.39,56.99,57.08,389,0,0,4,116,2025-01-04 20:58:06,2025-01-04 20:58:06,BID
14602,2019-03-19 18:00:00,57.12,57.35,57.1,57.35,211,0,0,4,116,2025-01-04 20:58:06,2025-01-04 20:58:06,BID
14603,2019-03-19 19:00:00,57.33,57.41,57.07,57.18,175,0,0,4,116,2025-01-04 20:58:06,2025-01-04 20:58:06,BID
14604,2019-03-19 20:00:00,57.17,57.33,57.13,57.26,187,0,0,4,116,2025-01-04 20:58:06,2025-01-04 20:58:06,BID
14605,2019-03-19 21:00:00,57.26,57.3,57.18,57.26,167,0,0,4,116,2025-01-04 20:58:06,2025-01-04 20:58:06,BID
14606,2019-03-19 22:00:00,57.26,57.27,56.97,57.21,279,0,0,4,116,2025-01-04 20:58:06,2025-01-04 20:58:06,BID
14607,2019-03-20 16:00:00,57.34,57.34,56.82,56.88,306,0,0,4,116,2025-01-04 20:58:06,2025-01-04 20:58:06,BID
14608,2019-03-20 17:00:00,56.88,56.94,56.47,56.52,319,0,0,4,116,2025-01-04 20:58:06,2025-01-04 20:58:06,BID
14609,2019-03-20 18:00:00,56.5,56.56,56.29,56.35,179,0,0,4,116,2025-01-04 20:58:06,2025-01-04 20:58:06,BID
14610,2019-03-20 19:00:00,56.36,56.44,56.26,56.44,149,0,0,4,116,2025-01-04 20:58:06,2025-01-04 20:58:06,BID
14611,2019-03-20 20:00:00,56.43,56.6,56.42,56.6,126,0,0,4,116,2025-01-04 20:58:06,2025-01-04 20:58:06,BID
14612,2019-03-20 21:00:00,56.61,57.14,56.61,56.97,242,0,0,4,116,2025-01-04 20:58:06,2025-01-04 20:58:06,BID
14613,2019-03-20 22:00:00,56.98,57.04,56.7,56.82,223,0,0,4,116,2025-01-04 20:58:06,2025-01-04 20:58:06,BID
14614,2019-03-21 16:00:00,56.67,57.07,56.67,57.0,175,0,0,4,116,2025-01-04 20:58:06,2025-01-04 20:58:06,BID
22586,2023-08-17 16:00:00,89.86,90.6,89.86,90.54,54,7,0,4,194,2025-01-04 20:58:06,2025-01-04 20:58:06,BID
22587,2023-08-17 17:00:00,90.57,90.77,89.86,90.16,134,4,0,4,194,2025-01-04 20:58:06,2025-01-04 20:58:06,BID
22588,2023-08-17 18:00:00,90.16,90.23,89.86,90.03,107,3,0,4,194,2025-01-04 20:58:06,2025-01-04 20:58:06,BID
22589,2023-08-17 19:00:00,90.03,90.23,89.86,90.03,96,1,0,4,194,2025-01-04 20:58:06,2025-01-04 20:58:06,BID
22590,2023-08-17 20:00:00,90.03,90.19,89.86,90.09,109,3,0,4,194,2025-01-04 20:58:06,2025-01-04 20:58:06,BID
22591,2023-08-17 21:00:00,90.09,90.17,89.26,89.9,137,2,0,4,194,2025-01-04 20:58:06,2025-01-04 20:58:06,BID
22592,2023-08-17 22:00:00,89.73,89.94,89.26,89.33,171,1,0,4,194,2025-01-04 20:58:06,2025-01-04 20:58:06,BID
22593,2023-08-18 16:00:00,88.5,89.84,88.5,89.84,71,8,0,4,194,2025-01-04 20:58:06,2025-01-04 20:58:06,BID
22594,2023-08-18 17:00:00,89.8,89.98,89.0,89.35,153,1,0,4,194,2025-01-04 20:58:06,2025-01-04 20:58:06,BID
22595,2023-08-18 18:00:00,89.37,89.7,89.25,89.7,147,4,0,4,194,2025-01-04 20:58:06,2025-01-04 20:58:06,BID
22596,2023-08-18 19:00:00,.78,36.01,521,0,0,4,64,2025-01-04 20:58:06,2025-01-04 20:58:06,BID
1874,2011-10-24 16:00:00,36.8,37.19,36.42,36.97,462,0,0,4,64,2025-01-04 20:58:06,2025-01-04 20:58:06,BID
1875,2011-10-24 17:00:00,36.99,37.68,36.73,37.16,660,0,0,4,64,2025-01-04 20:58:06,2025-01-04 20:58:06,BID
1876,2011-10-24 18:00:00,37.16,37.66,37.16,37.66,454,0,0,4,64,2025-01-04 20:58:06,2025-01-04 20:58:06,BID
1877,2011-10-24 19:00:00,37.67,37.72,37.37,37.53,359,0,0,4,64,2025-01-04 20:58:06,2025-01-04 20:58:06,BID
1878,2011-10-24 20:00:00,37.54,37.77,37.37,37.71,340,0,0,4,64,2025-01-04 20:58:06,2025-01-04 20:58:06,BID
1879,2011-10-24 21:00:00,37.71,37.71,37.31,37.58,402,0,0,4,64,2025-01-04 20:58:06,2025-01-04 20:58:06,BID
1880,2011-10-24 22:00:00,37.62,37.8,37.38,37.59,650,0,0,4,64,2025-01-04 20:58:06,2025-01-04 20:58:06,BID
1881,2011-10-25 16:00:00,37.5,38.0,36.0,37.91,1154,0,0,4,64,2025-01-04 20:58:06,2025-01-04 20:58:06,BID
1882,2011-10-25 17:00:00,37.91,38.25,36.96,37.81,1149,0,0,4,64,2025-01-04 20:58:06,2025-01-04 20:58:06,BID
1883,2011-10-25 18:00:00,37.86,38.01,37.34,37.69,594,0,0,4,64,2025-01-04 20:58:06,2025-01-04 20:58:06,BID
1884,2011-10-25 19:00:00,37.68,38.28,37.62,38.04,417,0,0,4,64,2025-01-04 20:58:06,2025-01-04 20:58:06,BID
1885,2011-10-25 20:00:00,38.03,38.25,37.64,37.66,462,0,0,4,64,2025-01-04 20:58:06,2025-01-04 20:58:06,BID
1886,2011-10-25 21:00:00,37.66,37.66,37.24,37.49,504,0,0,4,64,2025-01-04 20:58:06,2025-01-04 20:58:06,BID
1887,2011-10-25 22:00:00,37.52,37.6,36.79,36.89,554,0,0,4,64,2025-01-04 20:58:06,2025-01-04 20:58:06,BID
1888,2011-10-26 16:00:00,37.66,38.37,37.61,38.15,565,0,0,4,64,2025-01-04 20:58:06,2025-01-04 20:58:06,BID
1889,2011-10-26 17:00:00,38.23,38.37,37.23,37.41,852,0,0,4,64,2025-01-04 20:58:06,2025-01-04 20:58:06,BID
1890,2011-10-26 18:00:00,37.42,38.13,37.4,37.98,599,0,0,4,64,2025-01-04 20:58:06,2025-01-04 20:58:06,BID
1891,2011-10-26 19:00:00,37.97,38.37,37.8,37.87,503,0,0,4,64,2025-01-04 20:58:06,2025-01-04 20:58:06,BID
1892,2011-10-26 20:00:00,37.89,38.25,37.53,38.0,582,0,0,4,64,2025-01-04 20:58:06,2025-01-04 20:58:06,BID
1893,2011-10-26 21:00:00,38.04,38.71,37.97,38.55,570,0,0,4,64,2025-01-04 20:58:06,2025-01-04 20:58:06,BID
1894,2011-10-26 22:00:00,38.54,39.55,38.49,39.12,685,0,0,4,64,2025-01-04 20:58:06,2025-01-04 20:58:06,BID
1895,2011-10-27 16:00:00,41.38,41.93,40.82,41.56,800,0,0,4,64,2025-01-04 20:58:06,2025-01-04 20:58:06,BID
1896,2011-10-27 17:00:00,41.53,41.56,40.66,41.21,772,0,0,4,64,2025-01-04 20:58:06,2025-01-04 20:58:06,BID
1897,2011-10-27 18:00:00,41.2,41.46,40.95,41.43,657,0,0,4,64,2025-01-04 20:58:06,2025-01-04 20:58:06,BID
1898,2011-10-27 19:00:00,41.46,41.88,41.46,41.64,668,0,0,4,64,2025-01-04 20:58:06,2025-01-04 20:58:06,BID
1899,2011-10-27 20:00:00,41.65,42.29,41.64,42.28,446,0,0,4,64,2025-01-04 20:58:06,2025-01-04 20:58:06,BID
1900,2011-10-27 21:00:00,42.28,42.35,41.92,42.06,618,0,0,4,64,2025-01-04 20:58:06,2025-01-04 20:58:06,BID
1901,2011-10-27 22:00:00,42.09,42.2,41.06,41.18,705,0,0,4,64,2025-01-04 20:58:06,2025-01-04 20:58:06,BID
1902,2011-10-28 16:00:00,41.21,41.66,40.94,41.45,628,0,0,4,64,2025-01-04 20:58:06,2025-01-04 20:58:06,BID
1903,2011-10-28 17:00:00,41.4,42.23,41.2,42.06,852,0,0,4,64,2025-01-04 20:58:06,2025-01-04 20:58:06,BID
1904,2011-10-28 18:00:00,42.07,42.19,41.47,41.51,526,0,0,4,64,2025-01-04 20:58:06,2025-01-04 20:58:06,BID
1905,2011-10-28 19:00:00,41.5,41.67,41.24,41.29,466,0,0,4,64,2025-01-04 20:58:06,2025-01-04 20:58:06,BID
1906,2011-10-28 20:00:00,41.29,41.54,41.19,41.33,430,0,0,4,64,2025-01-04 20:58:06,2025-01-04 20:58:06,BID
1907,2011-10-28 21:00:00,41.32,41.33,40.98,41.08,427,0,0,4,64,2025-01-04 20:58:06,2025-01-04 20:58:06,BID
1908,2011-10-28 22:00:00,41.1,41.37,41.08,41.26,526,0,0,4,64,2025-01-04 20:58:06,2025-01-04 20:58:06,BID
1909,2011-10-31 16:00:00,40.77,40.77,39.61,39.89,523,0,0,4,64,2025-01-04 20:58:06,2025-01-04 20:58:06,BID
1910,2011-10-31 17:00:00,39.87,40.85,39.75,40.62,713,0,0,4,64,2025-01-04 20:58:06,2025-01-04 20:58:06,BID
1911,2011-10-31 18:00:00,40.61,40.88,40.41,40.48,553,0,0,4,64,2025-01-04 20:58:06,4,2023-08-25 22:00:00,93.21,93.57,92.98,93.37,226,3,0,4,194,2025-01-04 20:58:06,2025-01-04 20:58:06,BID
22635,2023-08-28 16:00:00,93.15,94.33,93.15,94.08,51,6,0,4,194,2025-01-04 20:58:06,2025-01-04 20:58:06,BID
22636,2023-08-28 17:00:00,94.08,94.25,93.16,93.19,131,4,0,4,194,2025-01-04 20:58:06,2025-01-04 20:58:06,BID
22637,2023-08-28 18:00:00,93.19,93.34,92.74,92.95,108,4,0,4,194,2025-01-04 20:58:06,2025-01-04 20:58:06,BID
22638,2023-08-28 19:00:00,93.02,93.1,92.69,92.86,86,4,0,4,194,2025-01-04 20:58:06,2025-01-04 20:58:06,BID
22639,2023-08-28 20:00:00,92.91,93.31,92.85,93.14,88,4,0,4,194,2025-01-04 20:58:06,2025-01-04 20:58:06,BID
22640,2023-08-28 21:00:00,93.17,93.62,93.13,93.62,101,2,0,4,194,2025-01-04 20:58:06,2025-01-04 20:58:06,BID
22641,2023-08-28 22:00:00,93.62,94.0,93.2,93.61,263,1,0,4,194,2025-01-04 20:58:06,2025-01-04 20:58:06,BID
22642,2023-08-29 16:00:00,92.62,93.6,92.62,92.82,42,7,0,4,194,2025-01-04 20:58:06,2025-01-04 20:58:06,BID
22643,2023-08-29 17:00:00,93.18,93.26,91.96,92.22,195,2,0,4,194,2025-01-04 20:58:06,2025-01-04 20:58:06,BID
22644,2023-08-29 18:00:00,92.1,93.37,92.1,93.35,121,5,0,4,194,2025-01-04 20:58:06,2025-01-04 20:58:06,BID
22645,2023-08-29 19:00:00,93.35,94.37,93.35,94.08,112,4,0,4,194,2025-01-04 20:58:06,2025-01-04 20:58:06,BID
22646,2023-08-29 20:00:00,94.08,94.32,93.96,94.15,101,4,0,4,194,2025-01-04 20:58:06,2025-01-04 20:58:06,BID
22647,2023-08-29 21:00:00,94.12,94.59,94.05,94.4,94,4,0,4,194,2025-01-04 20:58:06,2025-01-04 20:58:06,BID
22648,2023-08-29 22:00:00,94.4,94.57,93.92,94.4,184,1,0,4,194,2025-01-04 20:58:06,2025-01-04 20:58:06,BID
22649,2023-08-30 16:00:00,94.53,94.98,94.48,94.71,37,12,0,4,194,2025-01-04 20:58:06,2025-01-04 20:58:06,BID
22650,2023-08-30 17:00:00,94.71,94.71,93.63,93.71,127,7,0,4,194,2025-01-04 20:58:06,2025-01-04 20:58:06,BID
22651,2023-08-30 18:00:00,93.9,93.97,93.41,93.6,123,2,0,4,194,2025-01-04 20:58:06,2025-01-04 20:58:06,BID
22652,2023-08-30 19:00:00,93.6,93.92,93.6,93.73,130,2,0,4,194,2025-01-04 20:58:06,2025-01-04 20:58:06,BID
22653,2023-08-30 20:00:00,93.73,93.83,93.6,93.75,102,2,0,4,194,2025-01-04 20:58:06,2025-01-04 20:58:06,BID
22654,2023-08-30 21:00:00,93.79,93.83,93.36,93.75,117,2,0,4,194,2025-01-04 20:58:06,2025-01-04 20:58:06,BID
22655,2023-08-30 22:00:00,93.75,93.87,93.4,93.76,181,1,0,4,194,2025-01-04 20:58:06,2025-01-04 20:58:06,BID
22656,2023-08-31 16:00:00,93.81,94.99,93.81,94.05,51,7,0,4,194,2025-01-04 20:58:06,2025-01-04 20:58:06,BID
22657,2023-08-31 17:00:00,94.05,94.34,92.95,93.3,109,3,0,4,194,2025-01-04 20:58:06,2025-01-04 20:58:06,BID
22658,2023-08-31 18:00:00,93.3,93.35,92.67,92.67,109,3,0,4,194,2025-01-04 20:58:06,2025-01-04 20:58:06,BID
22659,2023-08-31 19:00:00,92.67,93.0,92.11,92.22,99,2,0,4,194,2025-01-04 20:58:06,2025-01-04 20:58:06,BID
22660,2023-08-31 20:00:00,92.22,92.35,91.91,91.91,125,3,0,4,194,2025-01-04 20:58:06,2025-01-04 20:58:06,BID
22661,2023-08-31 21:00:00,91.91,92.08,91.52,91.52,139,2,0,4,194,2025-01-04 20:58:06,2025-01-04 20:58:06,BID
58:06,BID
22662,2023-08-31 22:00:00,91.52,91.71,91.04,91.41,208,1,0,4,194,2025-01-04 20:58:06,2025-01-04 20:58:06,BID
22663,2023-09-01 16:00:00,91.49,93.15,90.69,93.15,84,6,0,4,194,2025-01-04 20:58:06,2025-01-04 20:58:06,BID
22664,2023-09-01 17:00:00,92.94,93.51,92.52,93.4,204,4,0,4,194,2025-01-04 20:58:06,2025-01-04 20:58:06,BID
22665,2023-09-01 18:00:00,93.39,93.53,93.02,93.3,139,2,0,4,194,2025-01-04 20:58:06,2025-01-04 20:58:06,BID
22666,2023-09-01 19:00:00,93.43,93.54,92.96,92.96,148,3,0,4,194,2025-01-04 20:58:06,2025-01-04 20:58:06,BID
22667,2023-09-01 20:00:00,92.96,93.49,92.88,93.25,133,2,0,4,194,2025-01-04 20:58:06,2025-01-04 20:58:06,BID
22668,2023-09-01 21:00:00,93.41,93.69,92.84,92.99,149,4,0,4,194,2025-01-04 20:58:06,2025-01-04 20:58:06,BID
22669,2023-09-01 22:00:00,92.99,93.28,92.68,92.86,292,1,0,4,194,2025-01-04 20:58:06,2025-01-04 20:58:06,BID
22670,2023-09-05 16:00:00,91.49,92.1,91.23,91.97,55,13,0,4,194,2025-01-04 20:58:06,2025-01-04 20:58:06,BID
22671,2023-09-05 17:00:00,91.97,92.11,91.18,91.95,149,3,0,4,194,2025-01-04 20:58:06,2025-01-04 20:58:06,BID
22672,2023-09-05 18:00:00,91.95,92.06,91.32,91.57,116,3,0,4,194,2025-01-04 20:58:06,2025-01-04 20:58:06,BID
22673,2023-09-05 19:00:00,91.57,91.74,91.0,91.25,132,3,0,4,194,2025-01-04 20:58:06,2025-01-04 20:58:06,BID
22674,2023-09-05 20:00:00,91.25,91.63,91.01,91.26,131,3,0,4,194,2025-01-04 20:58:06,2025-01-04 20:58:06,BID
22675,2023-09-05 21:00:00,91.2,91.26,90.75,90.75,185,1,0,4,194,2025-01-04 20:58:06,2025-01-04 20:58:06,BID
22676,2023-09-05 22:00:00,90.75,91.15,90.37,90.37,268,1,0,4,194,2025-01-04 20:58:06,2025-01-04 20:58:06,BID
22677,2023-09-06 16:00:00,90.3,91.06,90.0,90.65,67,13,0,4,194,2025-01-04 20:58:06,2025-01-04 20:58:06,BID
22678,2023-09-06 17:00:00,90.65,91.36,90.63,90.92,117,7,0,4,194,2025-01-04 20:58:06,2025-01-04 20:58:06,BID
22679,2023-09-06 18:00:00,90.92,91.12,90.1,90.64,120,6,0,4,194,2025-01-04 20:58:06,2025-01-04 20:58:06,BID
22680,2023-09-06 19:00:00,90.53,90.9,90.33,90.79,135,4,0,4,194,2025-01-04 20:58:06,2025-01-04 20:58:06,BID
22681,2023-09-06 20:00:00,90.59,91.16,90.59,91.11,134,3,0,4,194,2025-01-04 20:58:06,2025-01-04 20:58:06,BID
22682,2023-09-06 21:00:00,91.11,91.26,90.92,91.12,157,3,0,4,194,2025-01-04 20:58:06,2025-01-04 20:58:06,BID
22683,2023-09-06 22:00:00,91.12,91.2,90.68,90.97,207,2,0,4,194,2025-01-04 20:58:06,2025-01-04 20:58:06,BID
22684,2023-09-07 16:00:00,90.0,90.24,89.29,89.82,57,6,0,4,194,2025-01-04 20:58:06,2025-01-04 20:58:06,BID
22685,2023-09-07 17:00:00,89.82,90.19,88.9,89.2,138,4,0,4,194,2025-01-04 20:58:06,2025-01-04 20:58:06,BID
22686,2023-09-07 18:00:00,88.91,90.05,88.91,89.83,134,3,0,4,194,2025-01-04 20:58:06,2025-01-04 20:58:06,BID
22687,2023-09-07 19:00:00,89.83,90.19,89.77,89.86,131,4,0,4,194,2025-01-04 20:58:06,2025-01-04 20:58:06,BID
22688,2023-09-07 20:00:00,89.86,90.32,89.75,89.8,94,9,0,4,194,2025-01-04 20:58:06,2025-01-04 20:58:06,BID
22689,2023-09-07 21:00:00,89.88,90.13,89.8,89.95,119,3,0,4,194,2025-01-04 20:58:06,2025-01-04 20:58:06,BID
22690,2023-09-07 22:00:00,89.97,90.54,89.75,90.29,198,2,0,4,194,2025-01-04 20:58:06,2025-01-04 20:58:06,BID
22691,2023-09-08 16:00:00,90.44,90.92,89.54,90.76,37,49,0,4,194,2025-01-04 20:58:06,2025-01-04 20:58:06,BID
22692,2023-09-08 17:00:00,90.76,91.34,90.54,90.81,99,6,0,4,194,2025-01-04 20:58:06,2025-01-04 20:58:06,BID
22693,2023-09-08 18:00:00,90.81,91.11,90.63,90.63,90,2,0,4,194,2025-01-04 20:58:06,2025-01-04 20:58:06,BID
22694,2023-09-08 19:00:00,90.55,90.62,90.05,90.36,104,4,0,4,194,2025-01-04 20:58:06,2025-01-04 20:58:06,BID
22695,2023-09-08 20:00:00,90.36,90.55,90.0,90.15,71,3,0,4,194,2025-01-04 20:58:06,2025-01-04 20:58:06,BID
22696,2023-09-08 21:00:00,90.32,90.32,89.75,90.18,99,4,0,4,194,2025-01-04 20:58:06,2025-01-04 20:58:06,BID
22697,2023-09-08 22:00:00,90.13,90.35,89.62,90.14,187,2,0,4,194,2025-01-04 20:58:06,2025-01-04 20:58:06,BID
22698,2023-09-11 16:00:00,89.53,90.25,89.42,90.01,35,14,0,4,194,2025-01-04 20:58:06,2025-01-04 20:58:06,BID
22699,2023-09-11 17:00:00,90.01,90.66,89.66,89.66,140,3,0,4,194,2025-01-04 20:58:06,2025-01-04 20:58:06,BID
22700,2023-09-11 18:00:00,89.66,90.22,89.43,90.04,149,4,0,4,194,2025-01-04 20:58:06,2025-01-04 20:58:06,BID
22701,2023-09-11 19:00:00,90.05,90.55,90.04,90.25,87,6,0,4,194,2025-01-04 20:58:06,2025-01-04 20:58:06,BID
22702,2023-09-11 20:00:00,90.25,90.45,90.1,90.41,97,3,0,4,194,2025-01-04 20:58:06,2025-01-04 20:58:06,BID
22703,2023-09-11 21:00:00,90.41,90.62,90.15,90.55,100,1,0,4,194,2025-01-04 20:58:06,2025-01-04 20:58:06,BID
22704,2023-09-11 22:00:00,90.55,90.88,90.3,90.73,209,2,0,4,194,2025-01-04 20:58:06,2025-01-04 20:58:06,BID
22705,2023-09-12 16:00:00,90.8,91.17,90.1,90.77,81,15,0,4,194,2025-01-04 20:58:06,2025-01-04 20:58:06,BID
22706,2023-09-12 17:00:00,90.77,91.54,90.77,91.46,146,5,0,4,194,2025-01-04 20:58:06,2025-01-04 20:58:06,BID
22707,2023-09-12 18:00:00,91.46,91.96,91.23,91.75,154,3,0,4,194,2025-01-04 20:58:06,2025-01-04 20:58:06,BID
22708,2023-09-12 19:00:00,91.76,92.15,91.63,91.94,143,1,0,4,194,2025-01-04 20:58:06,2025-01-04 20:58:06,BID
22709,2023-09-12 20:00:00,91.97,92.17,91.73,91.83,120,5,0,4,194,2025-01-04 20:58:06,2025-01-04 20:58:06,BID
22710,2023-09-12 21:00:00,91.83,92.23,91.83,92.21,112,3,0,4,194,2025-01-04 20:58:06,2025-01-04 20:58:06,BID
22711,2023-09-12 22:00:00,92.03,92.25,91.84,91.88,183,1,0,4,194,2025-01-04 20:58:06,2025-01-04 20:58:06,BID
22712,2023-09-13 16:00:00,90.58,92.73,90.58,92.34,58,10,0,4,194,2025-01-04 20:58:06,2025-01-04 20:58:06,BID
22713,2023-09-13 17:00:00,92.34,92.34,91.55,91.55,132,5,0,4,194,2025-01-04 20:58:06,2025-01-04 20:58:06,BID
22714,2023-09-13 18:00:00,91.68,91.76,90.82,91.06,116,2,0,4,194,2025-01-04 20:58:06,2025-01-04 20:58:06,BID
22715,2023-09-13 19:00:00,91.06,91.62,90.82,91.24,101,5,0,4,194,2025-01-04 20:58:06,2025-01-04 20:58:06,BID
22716,2023-09-13 20:00:00,91.24,91.88,91.24,91.46,127,4,0,4,194,2025-01-04 20:58:06,2025-01-04 20:58:06,BID
22717,2023-09-13 21:00:00,91.53,91.85,91.41,91.7,103,1,0,4,194,2025-01-04 20:58:06,2025-01-04 20:58:06,BID
22718,2023-09-13 22:00:00,91.7,91.82,91.29,91.53,154,1,0,4,194,2025-01-04 20:58:06,2025-01-04 20:58:06,BID
22719,2023-09-14 16:00:00,91.66,92.27,90.91,91.24,75,8,0,4,194,2025-01-04 20:58:06,2025-01-04 20:58:06,BID
22720,2023-09-14 17:00:00,91.4,91.58,90.92,91.17,109,3,0,4,194,2025-01-04 20:58:06,2025-01-04 20:58:06,BID
22721,2023-09-14 18:00:00,91.22,91.31,90.45,90.66,124,3,0,4,194,2025-01-04 20:58:06,2025-01-04 20:58:06,BID
22722,2023-09-14 19:00:00,90.6,90.68,89.53,89.58,109,1,0,4,194,2025-01-04 20:58:06,2025-01-04 20:58:06,BID
22723,2023-09-14 20:00:00,89.58,89.79,88.9,88.96,133,4,0,4,194,2025-01-04 20:58:06,2025-01-04 20:58:06,BID
22724,2023-09-14 21:00:00,88.96,88.96,88.12,88.75,175,3,0,4,194,2025-01-04 20:58:06,2025-01-04 20:58:06,BID
22725,2023-09-14 22:00:00,88.75,88.84,87.35,87.35,252,1,0,4,194,2025-01-04 20:58:06,2025-01-04 20:58:06,BID
22726,2023-09-15 16:00:00,87.3,87.52,87.0,87.35,48,12,0,4,194,2025-01-04 20:58:06,2025-01-04 20:58:06,BID
22727,2023-09-15 17:00:00,87.35,87.94,87.0,87.75,137,5,0,4,194,2025-01-04 20:58:06,2025-01-04 20:58:06,BID
22728,2023-09-15 18:00:00,87.75,89.08,87.69,88.78,164,5,0,4,194,2025-01-04 20:58:06,2025-01-04 20:58:06,BID
22729,2023-09-15 19:00:00,88.78,89.02,88.39,88.39,111,1,0,4,194,2025-01-04 20:58:06,2025-01-04 20:58:06,BID
22730,2023-09-15 20:00:00,88.47,89.0,88.45,88.74,148,3,0,4,194,2025-01-04 20:58:06,2025-01-04 20:58:06,BID
22731,2023-09-15 21:00:00,88.74,88.74,88.13,88.23,161,2,0,4,194,2025-01-04 20:58:06,2025-01-04 20:58:06,BID
22732,2023-09-15 22:00:00,88.23,88.73,87.79,87.99,228,2,0,4,194,2025-01-04 20:58:06,2025-01-04 20:58:06,BID
22733,2023-09-18 16:00:00,87.51,88.4,87.27,88.0,59,6,0,4,194,2025-01-04 20:58:06,2025-01-04 20:58:06,BID
