function_name,total_time,call_count,avg_time,cpu_time,wait_time,memory_usage,file
__get__,1.0300000000000001e-05,1,1.0300000000000001e-05,8.8e-06,1.5000000000000009e-06,,functools.py
Lock,0.0011435,3,0.00038116666666666664,1.7100000000000002e-05,0.0011264,,context.py
RLock,9.22e-05,1,9.22e-05,1.5700000000000002e-05,7.65e-05,,context.py
SimpleQueue,0.0024192000000000003,3,0.0008064000000000001,1.3800000000000002e-05,0.0024054000000000002,,context.py
find_spec,3.57e-05,11,3.2454545454545457e-06,1.77e-05,1.8e-05,,__init__.py
__init__,0.001423,24,5.929166666666667e-05,0.0001359,0.0012871,,_weakrefset.py
__init__,1.01e-05,1,1.01e-05,5.1e-06,4.9999999999999996e-06,,weakref.py
_remove,3.0500000000000003e-05,16,1.9062500000000002e-06,2.0700000000000002e-05,9.800000000000001e-06,,_weakrefset.py
_commit_removals,0.000172,50,3.44e-06,0.0001206,5.14e-05,,_weakrefset.py
add,0.0008014000000000001,42,1.908095238095238e-05,0.00010530000000000001,0.0006961000000000001,,_weakrefset.py
get_spawning_popen,9.14e-05,120,7.616666666666666e-07,4.61e-05,4.5299999999999997e-05,,context.py
encode,0.0018036,156,1.1561538461538461e-05,0.00034710000000000003,0.0014565,,cp1252.py
assert_spawning,6.15e-05,48,1.28125e-06,2.4e-05,3.7500000000000003e-05,,context.py
cpu_count,7.6e-06,1,7.6e-06,3.3e-06,4.2999999999999995e-06,,context.py
_wait_for_tstate_lock,256.9022173,7,36.70031675714286,0.0001285,256.9020888,,threading.py
get_context,4.3e-06,7,6.142857142857143e-07,4.1000000000000006e-06,1.9999999999999978e-07,,context.py
get_context,9.5e-06,3,3.1666666666666667e-06,5.9e-06,3.6000000000000003e-06,,context.py
<lambda>,2.0000000000000002e-07,2,1.0000000000000001e-07,2.0000000000000002e-07,0.0,,__init__.py
import_module,0.0060948,1,0.0060948,4.2000000000000004e-06,0.0060906,,__init__.py
main,129.5713321,1,129.5713321,3.8700000000000006e-05,129.5712934,4.73828125,main.py
_exhaustive_wait,9.5960193,298,0.032201407046979866,0.0033712000000000004,9.5926481,,connection.py
__init__,0.00011750000000000001,13,9.03846153846154e-06,9.48e-05,2.270000000000001e-05,,util.py
__new__,2.0000000000000003e-06,1,2.0000000000000003e-06,2.0000000000000003e-06,0.0,,enum.py
_slotnames,1.01e-05,2,5.05e-06,7.9e-06,2.1999999999999993e-06,,copyreg.py
__init__,0.00027,12,2.25e-05,0.000142,0.000128,,process.py
__call__,1.01e-05,1,1.01e-05,8.1e-06,1.9999999999999995e-06,,enum.py
is_dataclass,4.3e-06,1,4.3e-06,2.5e-06,1.8000000000000001e-06,,dataclasses.py
__init__,3.86e-05,50,7.720000000000001e-07,3.86e-05,0.0,,_weakrefset.py
copy,0.0014999000000000002,24,6.249583333333335e-05,7.69e-05,0.0014230000000000002,,_weakrefset.py
set_start_method,1.08e-05,1,1.08e-05,3.3e-06,7.499999999999999e-06,,context.py
__exit__,0.00028060000000000004,50,5.612000000000001e-06,8.450000000000001e-05,0.00019610000000000005,,_weakrefset.py
__iter__,0.0006642,99,6.709090909090909e-06,0.0002505,0.00041369999999999997,,_weakrefset.py
remove,1.22e-05,1,1.22e-05,3.9e-06,8.3e-06,,_weakrefset.py
set,0.0001293,5,2.586e-05,2.33e-05,0.000106,,threading.py
update,5e-06,1,5e-06,3.5000000000000004e-06,1.5e-06,,weakref.py
start,0.0051903,5,0.00103806,4.78e-05,0.0051425,,threading.py
__init__,0.0005003000000000001,48,1.0422916666666668e-05,0.00010680000000000001,0.0003935000000000001,,reduction.py
_parse_path,4.13e-05,1,4.13e-05,1.9200000000000003e-05,2.21e-05,,pathlib.py
_bootstrap_inner,0.0,0,0.0,4.2600000000000005e-05,-4.2600000000000005e-05,,threading.py
__init__,0.00025790000000000003,5,5.1580000000000004e-05,8.960000000000001e-05,0.00016830000000000003,,threading.py
wait,129.8835057,5,25.97670114,0.0054999,129.8780058,,threading.py
require,4.2000000000000004e-05,4,1.0500000000000001e-05,2.7400000000000002e-05,1.4600000000000003e-05,,_asarray.py
start,0.068222,12,0.005685166666666667,0.0001117,0.0681103,,process.py
__init__,4.1200000000000005e-05,7,5.885714285714286e-06,3.44e-05,6.800000000000003e-06,,threading.py
__enter__,9.45e-05,50,1.8900000000000001e-06,5.9900000000000006e-05,3.46e-05,,_weakrefset.py
_bootstrap,0.0,0,0.0,0.0007333000000000001,-0.0007333000000000001,,threading.py
_delete,2.5900000000000003e-05,4,6.475000000000001e-06,2.2000000000000003e-05,3.9e-06,,threading.py
update,0.0012871,24,5.3629166666666665e-05,0.00012,0.0011671,,_weakrefset.py
get_start_method,1.41e-05,12,1.175e-06,1.41e-05,0.0,,context.py
_is_owned,0.000629,320,1.965625e-06,0.00030680000000000003,0.00032219999999999997,,threading.py
sentinel,0.0027026000000000003,3552,7.608671171171172e-07,0.0019751,0.0007275000000000003,,process.py
notify,0.0024099,158,1.525253164556962e-05,0.0010826,0.0013273,,threading.py
join,257.00264300000003,7,36.71466328571429,5.5400000000000005e-05,257.0025876,,threading.py
is_alive,4.2300000000000005e-05,12,3.5250000000000006e-06,2.5600000000000002e-05,1.6700000000000003e-05,,process.py
__init__,0.0024411000000000003,195,1.251846153846154e-05,0.0017845,0.0006566000000000002,,reduction.py
_cleanup,0.00046580000000000005,12,3.881666666666667e-05,8.970000000000001e-05,0.00037610000000000003,,process.py
wait,192.4049161,17,11.31793624117647,0.0005315000000000001,192.40438460000001,,threading.py
_load_parts,4.85e-05,1,4.85e-05,6.5000000000000004e-06,4.2e-05,,pathlib.py
_set_ident,1.6100000000000002e-05,5,3.2200000000000005e-06,1.1900000000000001e-05,4.2000000000000004e-06,,threading.py
_set_native_id,6.900000000000001e-06,5,1.3800000000000001e-06,4.6e-06,2.300000000000001e-06,,threading.py
register,1.2000000000000002e-06,2,6.000000000000001e-07,1.2000000000000002e-06,0.0,,reduction.py
cast,4.9000000000000005e-06,31,1.5806451612903229e-07,4.9000000000000005e-06,0.0,,typing.py
inner,3.9e-06,1,3.9e-06,3.9e-06,0.0,,typing.py
_set_tstate_lock,0.00029560000000000003,5,5.912e-05,2.11e-05,0.0002745,,threading.py
join,0.5869172,12,0.04890976666666667,8.54e-05,0.5868318,,process.py
_format_parsed_parts,3.1000000000000004e-06,1,3.1000000000000004e-06,2.0000000000000003e-06,1.1e-06,,pathlib.py
_name_includes_bit_suffix,7.000000000000001e-07,1,7.000000000000001e-07,7.000000000000001e-07,0.0,,_dtype.py
run,0.6122705,1,0.6122705,0.0006460000000000001,0.6116245,,threading.py
exitcode,0.0177682,1788,9.937472035794184e-06,0.0027994,0.0149688,,process.py
duplicate,7.91e-05,24,3.2958333333333333e-06,2.44e-05,5.47e-05,,reduction.py
_from_parsed_parts,1.84e-05,1,1.84e-05,5e-06,1.34e-05,,pathlib.py
RLock,5.89e-05,11,5.3545454545454546e-06,5.89e-05,0.0,,threading.py
__enter__,0.0008595,331,2.596676737160121e-06,0.0003952,0.0004643,,threading.py
__exit__,0.0006239,330,1.8906060606060607e-06,0.0004753,0.00014860000000000003,,threading.py
_release_save,0.00016920000000000002,162,1.0444444444444445e-06,0.00011470000000000001,5.450000000000001e-05,,threading.py
_acquire_restore,0.0004559,161,2.8316770186335406e-06,0.0002269,0.000229,,threading.py
<genexpr>,2.39e-05,24,9.958333333333335e-07,2.39e-05,0.0,,process.py
name,0.0004528,156,2.9025641025641027e-06,0.0004528,0.0,,threading.py
daemon,1.4700000000000002e-05,13,1.1307692307692309e-06,1.4700000000000002e-05,0.0,,threading.py
_check_closed,0.0014954,5376,2.7816220238095237e-07,0.0014954,0.0,,process.py
name,1.3800000000000002e-05,12,1.1500000000000002e-06,9.9e-06,3.900000000000002e-06,,process.py
dump,0.0036544000000000004,24,0.0001522666666666667,0.0001763,0.0034781000000000005,,reduction.py
_stop,1.5300000000000003e-05,4,3.825000000000001e-06,1.1700000000000001e-05,3.600000000000001e-06,,threading.py
Pool,0.0001229,1,0.0001229,8.900000000000001e-06,0.000114,,context.py
notify_all,8.950000000000001e-05,5,1.79e-05,1.4700000000000002e-05,7.48e-05,,threading.py
__init__,7.61e-05,6,1.2683333333333334e-05,2.2400000000000002e-05,5.3700000000000004e-05,,threading.py
is_alive,1.8000000000000001e-06,2,9.000000000000001e-07,1.8000000000000001e-06,0.0,,threading.py
daemon,1.4000000000000001e-05,4,3.5000000000000004e-06,1.09e-05,3.100000000000001e-06,,threading.py
_make_invoke_excepthook,1.1900000000000001e-05,5,2.38e-06,1.1900000000000001e-05,0.0,,threading.py
_coerce_args,5.4e-06,2,2.7e-06,5e-06,3.9999999999999956e-07,,parse.py
urlparse,6.8e-05,1,6.8e-05,1.77e-05,5.03e-05,,parse.py
_Popen,0.0676209,12,0.005635075,0.0001527,0.06746819999999999,,context.py
get_start_method,1.5e-06,4,3.75e-07,1.5e-06,0.0,,context.py
set_spawning_popen,6.03e-05,24,2.5125e-06,6.03e-05,0.0,,context.py
is_set,1.2800000000000001e-05,40,3.2e-07,1.2800000000000001e-05,0.0,,threading.py
_newname,4.78e-05,5,9.56e-06,4.78e-05,0.0,,threading.py
name,8.33e-05,180,4.627777777777778e-07,8.33e-05,0.0,,process.py
current_process,0.0001056,184,5.739130434782609e-07,0.0001056,0.0,,process.py
_check_available,2.0000000000000002e-07,1,2.0000000000000002e-07,2.0000000000000002e-07,0.0,,context.py
vstack,2.5900000000000003e-05,1,2.5900000000000003e-05,1.5300000000000003e-05,1.06e-05,,shape_base.py
dumps,0.0046102,171,2.6960233918128654e-05,0.0008496,0.0037606000000000002,,reduction.py
drive,5.89e-05,1,5.89e-05,1.04e-05,4.85e-05,,pathlib.py
root,3.0000000000000004e-07,1,3.0000000000000004e-07,3.0000000000000004e-07,0.0,,pathlib.py
_tail,3.0000000000000004e-07,1,3.0000000000000004e-07,3.0000000000000004e-07,0.0,,pathlib.py
parent,8.92e-05,1,8.92e-05,1.13e-05,7.79e-05,,pathlib.py
__new__,4.7e-06,2,2.35e-06,2.8000000000000003e-06,1.8999999999999996e-06,,pathlib.py
__reduce__,0.00025990000000000003,24,1.0829166666666668e-05,0.0001796,8.030000000000003e-05,,process.py
current_thread,0.0003127,173,1.8075144508670521e-06,0.00026670000000000003,4.599999999999998e-05,,threading.py
__getitem__,3.66e-05,2,1.83e-05,3.49e-05,1.7000000000000007e-06,,__init__.py
daemon,6.6e-06,12,5.5e-07,6.6e-06,0.0,,process.py
authkey,4.4e-06,12,3.6666666666666667e-07,4.4e-06,0.0,,process.py
create_string_buffer,7.390000000000001e-05,1,7.390000000000001e-05,7.27e-05,1.200000000000002e-06,,__init__.py
_checknetloc,4.0000000000000003e-07,1,4.0000000000000003e-07,4.0000000000000003e-07,0.0,,parse.py
__getattr__,4.75e-05,2,2.375e-05,7.9e-06,3.96e-05,,__init__.py
_kind_name,7.000000000000001e-07,1,7.000000000000001e-07,7.000000000000001e-07,0.0,,_dtype.py
full,0.0001271,18,7.0611111111111115e-06,8.33e-05,4.3799999999999994e-05,,numeric.py
is_dir,9.44e-05,1,9.44e-05,7.6e-06,8.680000000000001e-05,,pathlib.py
concatenate,1.0000000000000001e-07,1,1.0000000000000001e-07,1.0000000000000001e-07,0.0,,multiarray.py
copyto,3.6000000000000003e-06,18,2.0000000000000002e-07,3.6000000000000003e-06,0.0,,multiarray.py
__fspath__,4.000000000000001e-06,1,4.000000000000001e-06,3e-06,1.0000000000000006e-06,,pathlib.py
with_segments,1.0300000000000001e-05,1,1.0300000000000001e-05,2.8000000000000003e-06,7.500000000000001e-06,,pathlib.py
_vhstack_dispatcher,4.4e-06,1,4.4e-06,2.4000000000000003e-06,2e-06,,shape_base.py
__str__,1.0000000000000002e-06,1,1.0000000000000002e-06,1.0000000000000002e-06,0.0,,pathlib.py
__init__,8.1e-06,2,4.05e-06,5.2e-06,2.9e-06,,pathlib.py
urlsplit,4.4800000000000005e-05,1,4.4800000000000005e-05,3.27e-05,1.2100000000000003e-05,,parse.py
_name_get,9.7e-06,1,9.7e-06,8.1e-06,1.6e-06,,_dtype.py
asarray_tuplesafe,1.43e-05,1,1.43e-05,5.2e-06,9.100000000000001e-06,,common.py
format,0.0130887,156,8.390192307692308e-05,0.0009252,0.0121635,,__init__.py
import_optional_dependency,0.0062696,1,0.0062696,2.57e-05,0.0062439,,_optional.py
seed,2.5600000000000002e-05,2,1.2800000000000001e-05,1.06e-05,1.5000000000000002e-05,,random.py
_sys_version,2.6e-06,1,2.6e-06,1.7e-06,9.000000000000001e-07,,platform.py
getLogger,3.94e-05,1,3.94e-05,1.76e-05,2.18e-05,,__init__.py
callHandlers,0.0372369,156,0.00023869807692307695,0.0010235,0.03621340000000001,,__init__.py
choices,6.24e-05,7,8.914285714285714e-06,4.52e-05,1.7199999999999998e-05,,random.py
__getitem__,0.00023420000000000003,1,0.00023420000000000003,1.46e-05,0.00021960000000000003,,indexing.py
ensure_index,0.0006611000000000001,7,9.444285714285715e-05,0.00042770000000000004,0.00023340000000000004,,base.py
_simple_new,2.4800000000000003e-05,2,1.2400000000000002e-05,2.33e-05,1.5000000000000026e-06,,datetimes.py
_from_sequence_not_strict,0.0010064,2,0.0005032,5.7700000000000007e-05,0.0009486999999999999,,datetimes.py
__new__,0.0006837000000000001,3,0.00022790000000000004,0.0001055,0.0005782000000000001,,base.py
objects_to_datetime64,0.0007165,1,0.0007165,0.0007152,1.2999999999999774e-06,,datetimes.py
_get_item_cache,0.00031830000000000004,5,6.366000000000001e-05,2.26e-05,0.00029570000000000003,,frame.py
get_loc,1.8900000000000002e-05,7,2.7000000000000004e-06,1.77e-05,1.200000000000002e-06,,base.py
_slice,0.00016790000000000002,1,0.00016790000000000002,5.78e-05,0.00011010000000000002,,generic.py
_maybe_pin_freq,2.0000000000000003e-06,2,1.0000000000000002e-06,2.0000000000000003e-06,0.0,,datetimelike.py
_fixupParents,4.7e-06,1,4.7e-06,3.2000000000000003e-06,1.4999999999999996e-06,,__init__.py
maybe_convert_indices,0.0001072,1,0.0001072,4.32e-05,6.400000000000001e-05,,utils.py
__init__,0.00014250000000000002,2,7.125000000000001e-05,5.7300000000000004e-05,8.520000000000001e-05,,__init__.py
_noop,3.0000000000000004e-07,2,1.5000000000000002e-07,3.0000000000000004e-07,0.0,,parse.py
_atleast_2d_dispatcher,3.0000000000000004e-07,1,3.0000000000000004e-07,3.0000000000000004e-07,0.0,,shape_base.py
__init__,1.7e-05,2,8.5e-06,8.900000000000001e-06,8.099999999999999e-06,,pathlib.py
stat,8.570000000000001e-05,1,8.570000000000001e-05,1.6000000000000001e-06,8.410000000000001e-05,,pathlib.py
<lambda>,0.0001956,127,1.5401574803149607e-06,0.0001134,8.22e-05,,<string>
_sum,3.43e-05,1,3.43e-05,1.6000000000000001e-06,3.27e-05,,_methods.py
atleast_2d,9.4e-06,1,9.4e-06,8.3e-06,1.0999999999999996e-06,,shape_base.py
_arrays_for_stack_dispatcher,2.0000000000000003e-06,1,2.0000000000000003e-06,1.3e-06,7.000000000000003e-07,,shape_base.py
_any,5e-05,2,2.5e-05,4.7e-06,4.53e-05,,_methods.py
python_implementation,7.2000000000000005e-06,1,7.2000000000000005e-06,4.6e-06,2.6000000000000005e-06,,platform.py
formatTime,0.0061199,156,3.9230128205128204e-05,0.0009148,0.0052051,,__init__.py
__init__,3.0200000000000002e-05,2,1.5100000000000001e-05,4.6e-06,2.5600000000000002e-05,,random.py
getLevelName,0.00030460000000000003,156,1.952564102564103e-06,0.0001711,0.00013350000000000002,,__init__.py
getMessage,0.0039662000000000005,156,2.5424358974358976e-05,0.0039662000000000005,0.0,,__init__.py
format,0.0011746,156,7.529487179487179e-06,0.00020290000000000003,0.0009717,,__init__.py
format,0.0133795,156,8.576602564102564e-05,0.0002908,0.0130887,,__init__.py
_cmpkey,1.98e-05,2,9.9e-06,1.8900000000000002e-05,8.999999999999982e-07,,__init__.py
_is_internal_frame,0.0053717,468,1.1477991452991453e-05,0.0013725,0.0039992,,__init__.py
validate,1.22e-05,1,1.22e-05,5.2e-06,7e-06,,__init__.py
addHandler,3.8e-06,1,3.8e-06,1.8000000000000001e-06,2e-06,,__init__.py
getLogger,4.7000000000000004e-05,1,4.7000000000000004e-05,7.4e-06,3.96e-05,,__init__.py
_format,0.0009717,156,6.228846153846154e-06,0.0009717,0.0,,__init__.py
__lt__,1.9e-06,1,1.9e-06,1.5e-06,4e-07,,__init__.py
_parse_local_version,5.000000000000001e-07,2,2.5000000000000004e-07,5.000000000000001e-07,0.0,,__init__.py
usesTime,0.0005199,156,3.3326923076923076e-06,0.0002944,0.0002255,,__init__.py
<genexpr>,8.200000000000001e-06,8,1.0250000000000001e-06,8.200000000000001e-06,0.0,,__init__.py
__init__,1.7e-06,2,8.5e-07,1.7e-06,0.0,,__init__.py
<lambda>,9.000000000000001e-07,4,2.2500000000000002e-07,9.000000000000001e-07,0.0,,__init__.py
_open,0.0005097000000000001,1,0.0005097000000000001,2.8000000000000003e-06,0.0005069000000000001,,__init__.py
handle,0.0411464,156,0.00026375897435897437,0.000635,0.0405114,,__init__.py
_parse_letter_version,1.9e-06,6,3.1666666666666667e-07,1.9e-06,0.0,,__init__.py
_checkLevel,4.000000000000001e-06,4,1.0000000000000002e-06,3.3e-06,7.000000000000005e-07,,__init__.py
filter,0.0002695,312,8.637820512820513e-07,0.0002695,0.0,,__init__.py
_addHandlerRef,8.1e-06,1,8.1e-06,4.6e-06,3.5000000000000004e-06,,__init__.py
__init__,2.37e-05,1,2.37e-05,7.000000000000001e-06,1.67e-05,,__init__.py
__init__,7.7e-06,1,7.7e-06,6e-06,1.7000000000000007e-06,,__init__.py
makeRecord,0.0141074,156,9.043205128205128e-05,0.0007608000000000001,0.0133466,,__init__.py
_args_from_interpreter_flags,0.0001896,12,1.58e-05,0.000133,5.6599999999999993e-05,,subprocess.py
_warn_if_deprecated,6.300000000000001e-06,4,1.5750000000000002e-06,2.2e-06,4.1000000000000006e-06,,config.py
isEnabledFor,0.00020130000000000001,156,1.2903846153846154e-06,0.00019030000000000002,1.0999999999999996e-05,,__init__.py
is_bool_dtype,2.6000000000000002e-05,3,8.666666666666668e-06,1.25e-05,1.3500000000000001e-05,,common.py
findCaller,0.008678400000000001,156,5.563076923076924e-05,0.0022638000000000003,0.006414600000000001,,__init__.py
_sequence_to_dt64,0.0008547,2,0.00042735,5.7e-05,0.0007977,,datetimes.py
__init__,0.0133466,156,8.555512820512821e-05,0.0047422,0.0086044,,__init__.py
__init__,0.0005665000000000001,1,0.0005665000000000001,1.74e-05,0.0005491000000000001,,__init__.py
_log,2.7510629,156,0.01763501858974359,0.0012243,2.7498386,,__init__.py
pandas_dtype,1.5e-06,1,1.5e-06,9.000000000000001e-07,6e-07,,common.py
check_array_indexer,1.7800000000000002e-05,2,8.900000000000001e-06,1.7500000000000002e-05,3.000000000000005e-07,,utils.py
get_values_for_csv,0.0011862,5,0.00023724000000000003,5.6300000000000006e-05,0.0011299,,base.py
__finalize__,5.97e-05,4,1.4925e-05,4.7000000000000004e-05,1.2699999999999997e-05,,generic.py
_sanitize_ndim,2.2700000000000003e-05,11,2.063636363636364e-06,1.41e-05,8.600000000000002e-06,,construction.py
_isna_string_dtype,4.27e-05,2,2.135e-05,4.27e-05,0.0,,missing.py
_sanitize_str_dtypes,1.5e-05,11,1.3636363636363636e-06,1.18e-05,3.2e-06,,construction.py
ensure_wrapped_if_datetimelike,0.00013560000000000002,9,1.506666666666667e-05,2.92e-05,0.00010640000000000001,,construction.py
iterencode,0.0032366,127,2.548503937007874e-05,0.0032366,0.0,,encoder.py
_is_dtype_type,6.5000000000000004e-06,2,3.2500000000000002e-06,3.3e-06,3.2000000000000003e-06,,common.py
_isna_array,7.890000000000001e-05,4,1.9725000000000002e-05,2.9800000000000003e-05,4.91e-05,,missing.py
_isna,0.00011090000000000001,5,2.218e-05,2.4800000000000003e-05,8.61e-05,,missing.py
sanitize_array,0.0005897000000000001,11,5.360909090909092e-05,0.00011930000000000001,0.00047040000000000005,,construction.py
__getitem__,5.28e-05,2,2.64e-05,3.16e-05,2.12e-05,,_mixins.py
_validate_tz_from_dtype,3.3e-06,4,8.25e-07,2.5e-06,8e-07,,datetimes.py
_construct_from_dt64_naive,7.6e-06,2,3.8e-06,7.6e-06,0.0,,datetimes.py
is_bool_indexer,2.85e-05,1,2.85e-05,9.4e-06,1.9100000000000003e-05,,common.py
_get_filepath_or_buffer,0.0001921,1,0.0001921,2.64e-05,0.00016570000000000002,,common.py
maybe_convert_dtype,5.11e-05,2,2.555e-05,9.800000000000001e-06,4.13e-05,,datetimes.py
_get_getitem_freq,9.4e-06,2,4.7e-06,5.600000000000001e-06,3.799999999999999e-06,,datetimelike.py
_form_blocks,0.0003087,2,0.00015435,7.97e-05,0.00022900000000000004,,managers.py
__setattr__,6.71e-05,11,6.1e-06,5.03e-05,1.6800000000000002e-05,,generic.py
ensure_arraylike_for_datetimelike,3.3e-05,2,1.65e-05,1.0700000000000001e-05,2.23e-05,,datetimelike.py
_engine,0.0001831,3,6.103333333333334e-05,8.970000000000001e-05,9.34e-05,,base.py
dict_to_mgr,0.0006069000000000001,1,0.0006069000000000001,2.6600000000000003e-05,0.0005803000000000001,,construction.py
_validate_dt64_dtype,1.01e-05,2,5.05e-06,7.3e-06,2.7999999999999994e-06,,datetimes.py
<module>,0.0026605,1,0.0026605,6.8e-05,0.0025925,,__init__.py
_get_engine_target,6.25e-05,3,2.0833333333333333e-05,1.3100000000000002e-05,4.94e-05,,base.py
_extract_index,3.27e-05,1,3.27e-05,1.5e-05,1.7700000000000003e-05,,construction.py
_ixs,0.00027790000000000003,2,0.00013895000000000002,1.9e-05,0.00025890000000000006,,frame.py
_getitem_axis,0.0002119,1,0.0002119,4.6e-06,0.0002073,,indexing.py
apply,0.0012209,2,0.00061045,3.2200000000000003e-05,0.0011887,,managers.py
__init__,0.006917700000000001,2,0.0034588500000000003,6.47e-05,0.006853000000000001,,frame.py
__getitem__,8.510000000000001e-05,5,1.7020000000000003e-05,4.07e-05,4.440000000000001e-05,,base.py
view,3.8900000000000004e-05,2,1.9450000000000002e-05,6.5000000000000004e-06,3.24e-05,,base.py
_initialize_colspace,1.0000000000000001e-07,1,1.0000000000000001e-07,1.0000000000000001e-07,0.0,,format.py
__delitem__,0.0003189,1,0.0003189,1.22e-05,0.0003067,,generic.py
_get_value,0.00015030000000000002,4,3.7575000000000005e-05,1.5700000000000002e-05,0.00013460000000000002,,frame.py
to_arrays,0.0056084,1,0.0056084,1.27e-05,0.0055957,,construction.py
_homogenize,0.00025770000000000003,2,0.00012885000000000001,2.4200000000000002e-05,0.00023350000000000004,,construction.py
mgr_to_mgr,1.9e-06,2,9.5e-07,1.7e-06,2e-07,,construction.py
arrays_to_mgr,0.000684,2,0.000342,1.7800000000000002e-05,0.0006662,,construction.py
__getitem__,0.00024870000000000003,1,0.00024870000000000003,2.2000000000000003e-05,0.00022670000000000004,,frame.py
__init__,0.0023420000000000003,1,0.0023420000000000003,5.61e-05,0.0022859000000000004,,std.py
set_index,0.0013521000000000002,1,0.0013521000000000002,5.89e-05,0.0012932000000000002,,frame.py
__new__,0.0009538000000000001,1,0.0009538000000000001,1.88e-05,0.0009350000000000001,,datetimes.py
convert,0.0039441,6,0.00065735,0.0001112,0.0038328999999999998,,construction.py
__init__,9.39e-05,1,9.39e-05,2.86e-05,6.53e-05,,format.py
copy,0.0001316,1,0.0001316,1.8e-05,0.0001136,,managers.py
_preprocess_slice_or_indexer,0.00012200000000000001,1,0.00012200000000000001,1.3800000000000002e-05,0.00010820000000000001,,managers.py
_acquireLock,1.74e-05,5,3.4799999999999997e-06,1.04e-05,6.999999999999999e-06,,__init__.py
_releaseLock,7.000000000000001e-06,5,1.4000000000000001e-06,5.4e-06,1.6000000000000008e-06,,__init__.py
__init__,1.1e-06,1,1.1e-06,1.1e-06,0.0,,__init__.py
usesTime,0.0007633000000000001,156,4.892948717948718e-06,0.0002434,0.0005199,,__init__.py
formatMessage,0.0013141000000000001,156,8.42371794871795e-06,0.0001395,0.0011746,,__init__.py
_clear_cache,5.2400000000000007e-05,1,5.2400000000000007e-05,4.36e-05,8.800000000000004e-06,,__init__.py
_register_at_fork_reinit_lock,2.0000000000000002e-07,1,2.0000000000000002e-07,2.0000000000000002e-07,0.0,,__init__.py
emit,0.016464,156,0.00010553846153846153,0.0006431000000000001,0.0158209,,__init__.py
createLock,6.1e-06,1,6.1e-06,3.8e-06,2.3e-06,,__init__.py
<lambda>,0.0010429,156,6.685256410256411e-06,0.0008626,0.0001803,,__init__.py
setLevel,1.2000000000000002e-06,1,1.2000000000000002e-06,6.000000000000001e-07,6.000000000000001e-07,,__init__.py
setFormatter,4.0000000000000003e-07,1,4.0000000000000003e-07,4.0000000000000003e-07,0.0,,__init__.py
disable,1.1e-06,1,1.1e-06,1.1e-06,0.0,,__init__.py
__init__,2.51e-05,1,2.51e-05,1.18e-05,1.33e-05,,__init__.py
acquire,0.0006126,312,1.9634615384615385e-06,0.00038310000000000004,0.0002295,,__init__.py
release,0.0004398,312,1.4096153846153846e-06,0.0002925,0.0001473,,__init__.py
__init__,2.7300000000000003e-05,1,2.7300000000000003e-05,3.6000000000000003e-06,2.3700000000000003e-05,,__init__.py
setLevel,6.0400000000000004e-05,1,6.0400000000000004e-05,7.100000000000001e-06,5.33e-05,,__init__.py
_get_root,1.81e-05,6,3.0166666666666664e-06,1.3700000000000001e-05,4.3999999999999985e-06,,config.py
handle,0.0340895,156,0.0002185224358974359,0.0014668,0.032622700000000004,,__init__.py
flush,0.0063902,156,4.0962820512820514e-05,0.0012259,0.0051643,,__init__.py
emit,0.0121489,156,7.787756410256411e-05,0.0009535,0.011195400000000001,,__init__.py
_get_single_key,3.97e-05,6,6.616666666666667e-06,1.56e-05,2.4100000000000003e-05,,config.py
_get_dtype,6.4000000000000006e-06,6,1.0666666666666667e-06,4.3e-06,2.1000000000000002e-06,,common.py
_select_options,6e-06,6,1e-06,6e-06,0.0,,config.py
info,44.057919000000005,156,0.28242255769230773,0.001606,44.056313,,__init__.py
getEffectiveLevel,1.7e-06,1,1.7e-06,1.7e-06,0.0,,__init__.py
_optim_args_from_interpreter_flags,1.97e-05,12,1.6416666666666667e-06,1.97e-05,0.0,,subprocess.py
__call__,3.82e-05,4,9.55e-06,3.6000000000000003e-06,3.46e-05,,config.py
get_version,1.7e-06,1,1.7e-06,1.2000000000000002e-06,4.999999999999999e-07,,_optional.py
using_copy_on_write,8.8e-06,9,9.777777777777778e-07,8.8e-06,0.0,,__init__.py
warn_copy_on_write,2.7e-06,5,5.4e-07,2.7e-06,0.0,,__init__.py
_get_option,7.48e-05,6,1.2466666666666667e-05,1.7e-05,5.78e-05,,config.py
_get_deprecated_option,7.2000000000000005e-06,10,7.200000000000001e-07,7.2000000000000005e-06,0.0,,config.py
_translate_key,9.800000000000001e-06,6,1.6333333333333335e-06,6.7e-06,3.100000000000001e-06,,config.py
using_pyarrow_string_dtype,6.7e-06,6,1.1166666666666666e-06,6.7e-06,0.0,,__init__.py
is_float_dtype,2.83e-05,2,1.415e-05,1.25e-05,1.5799999999999998e-05,,common.py
notna,2.08e-05,1,2.08e-05,2.8000000000000003e-06,1.8e-05,,missing.py
condition,6.300000000000001e-06,1,6.300000000000001e-06,5.2e-06,1.1000000000000005e-06,,common.py
<lambda>,1.5e-06,2,7.5e-07,1.0000000000000002e-06,4.999999999999999e-07,,common.py
extract_array,1.58e-05,15,1.0533333333333333e-06,1.29e-05,2.900000000000001e-06,,construction.py
is_string_or_object_np_dtype,6.5000000000000004e-06,5,1.3e-06,6.5000000000000004e-06,0.0,,common.py
_instancecheck,0.0001217,78,1.5602564102564104e-06,5.11e-05,7.060000000000001e-05,,generic.py
is_hashable,2.01e-05,5,4.0200000000000005e-06,1.8200000000000002e-05,1.8999999999999987e-06,,inference.py
is_1d_only_ea_dtype,5e-06,8,6.25e-07,2.8000000000000003e-06,2.2e-06,,common.py
is_file_like,3.1000000000000004e-06,1,3.1000000000000004e-06,1.7e-06,1.4000000000000004e-06,,inference.py
is_named_tuple,3.26e-05,1,3.26e-05,1.2000000000000002e-06,3.14e-05,,inference.py
is_ea_or_datetimelike_dtype,1.9e-05,6,3.1666666666666667e-06,1.73e-05,1.7000000000000007e-06,,common.py
_is_dtype,1.6100000000000002e-05,3,5.366666666666667e-06,5.3e-06,1.0800000000000002e-05,,common.py
maybe_infer_to_datetimelike,0.003942,8,0.00049275,0.0029251000000000004,0.0010168999999999998,,cast.py
maybe_convert_platform,0.00021840000000000002,4,5.4600000000000006e-05,0.00010800000000000001,0.00011040000000000001,,cast.py
is_dataclass,1.1400000000000001e-05,1,1.1400000000000001e-05,7.100000000000001e-06,4.3e-06,,inference.py
is_string_dtype,1.1200000000000001e-05,1,1.1200000000000001e-05,1.8000000000000001e-06,9.400000000000001e-06,,common.py
needs_i8_conversion,1.18e-05,3,3.9333333333333335e-06,7.5e-06,4.3e-06,,common.py
_sanitize_non_ordered,3.6000000000000003e-06,4,9.000000000000001e-07,2.5e-06,1.1e-06,,construction.py
_maybe_repeat,6e-06,11,5.454545454545455e-07,4.7e-06,1.3000000000000003e-06,,construction.py
require_length_match,1.73e-05,8,2.1625e-06,4.1000000000000006e-06,1.3199999999999999e-05,,common.py
isna,0.0001183,5,2.366e-05,7.4e-06,0.0001109,,missing.py
<lambda>,1.4000000000000001e-06,2,7.000000000000001e-07,8.000000000000001e-07,6.000000000000001e-07,,common.py
classes,2.1000000000000002e-06,2,1.0500000000000001e-06,2.1000000000000002e-06,0.0,,common.py
_check,6.720000000000001e-05,78,8.615384615384616e-07,4.33e-05,2.3900000000000005e-05,,generic.py
apply_if_callable,2.8000000000000003e-06,2,1.4000000000000001e-06,2.2e-06,6.000000000000002e-07,,common.py
construct_1d_object_array_from_listlike,6.2e-05,4,1.55e-05,2.5500000000000003e-05,3.65e-05,,cast.py
wrapper,0.0116252,1,0.0116252,6.6e-06,0.0116186,,_decorators.py
maybe_iterable_to_list,3.34e-05,2,1.67e-05,4.7e-06,2.87e-05,,common.py
validate_bool_kwarg,1.1000000000000001e-05,1,1.1000000000000001e-05,1.1000000000000001e-05,0.0,,_validators.py
cast_scalar_indexer,3.7e-06,4,9.25e-07,3.7e-06,0.0,,common.py
dumps,0.0078212,127,6.158425196850393e-05,0.0019168000000000002,0.005904400000000001,,__init__.py
encode,0.005904400000000001,127,4.6491338582677173e-05,0.0006961000000000001,0.005208300000000001,,encoder.py
_format_native_types,0.0006271,1,0.0006271,0.00046790000000000004,0.00015919999999999997,,datetimes.py
tz_to_dtype,5e-06,2,2.5e-06,5e-06,0.0,,datetimes.py
__getitem__,8.020000000000001e-05,2,4.0100000000000006e-05,1.74e-05,6.280000000000001e-05,,datetimelike.py
asi8,1.5e-05,2,7.5e-06,6.4000000000000006e-06,8.599999999999999e-06,,datetimelike.py
_from_sequence,0.0001026,1,0.0001026,1.9e-06,0.0001007,,datetimes.py
tz,4.000000000000001e-06,1,4.000000000000001e-06,1.8000000000000001e-06,2.2000000000000005e-06,,datetimes.py
unit,6.200000000000001e-06,1,6.200000000000001e-06,2.3e-06,3.900000000000001e-06,,datetimelike.py
_constructor_sliced_from_mgr,6.15e-05,2,3.075e-05,1.2400000000000002e-05,4.91e-05,,frame.py
allows_duplicate_labels,5.500000000000001e-06,4,1.3750000000000002e-06,5.500000000000001e-06,0.0,,flags.py
dtype,7.4e-06,9,8.222222222222222e-07,7.4e-06,0.0,,datetimes.py
__iter__,3.91e-05,2,1.955e-05,3.52e-05,3.9e-06,,base.py
dtype_to_unit,5.2e-06,2,2.6e-06,3.6000000000000003e-06,1.6e-06,,datetimelike.py
_is_dates_only,0.00013790000000000002,1,0.00013790000000000002,8.300000000000001e-05,5.4900000000000006e-05,,datetimelike.py
_creso,1.7e-06,1,1.7e-06,1.7e-06,0.0,,datetimelike.py
axes,4.2000000000000004e-06,1,4.2000000000000004e-06,4.2000000000000004e-06,0.0,,frame.py
_get_values_for_csv,0.0011781,1,0.0011781,5e-06,0.0011731,,frame.py
_get_axis_number,2.3e-06,2,1.15e-06,2.3e-06,0.0,,generic.py
_set_axis,1.6800000000000002e-05,1,1.6800000000000002e-05,4.9000000000000005e-06,1.1900000000000001e-05,,generic.py
__init__,1.1400000000000001e-05,7,1.6285714285714286e-06,1.1400000000000001e-05,0.0,,flags.py
get_adjustment,1.79e-05,1,1.79e-05,4.000000000000001e-06,1.39e-05,,printing.py
_get_slice_axis,0.0002034,1,0.0002034,1.34e-05,0.00019,,indexing.py
__init__,7.000000000000001e-06,1,7.000000000000001e-06,1.0000000000000002e-06,6e-06,,printing.py
__len__,2.8000000000000003e-06,1,2.8000000000000003e-06,1.5e-06,1.3000000000000003e-06,,frame.py
_from_mgr,6.19e-05,5,1.238e-05,1.1700000000000001e-05,5.02e-05,,generic.py
_get_block_manager_axis,3.5000000000000004e-06,1,3.5000000000000004e-06,2.8000000000000003e-06,7.000000000000001e-07,,generic.py
_set_is_copy,5.2e-06,1,5.2e-06,3.1000000000000004e-06,2.1e-06,,generic.py
allows_duplicate_labels,1.3e-06,4,3.25e-07,1.3e-06,0.0,,flags.py
attrs,2.0000000000000003e-06,4,5.000000000000001e-07,2.0000000000000003e-06,0.0,,generic.py
flags,2.6e-06,8,3.25e-07,2.6e-06,0.0,,generic.py
to_csv,0.011618400000000001,1,0.011618400000000001,2.46e-05,0.011593800000000001,,generic.py
copy,0.0001953,1,0.0001953,1.74e-05,0.00017790000000000001,,generic.py
_validate_positional_slice,1.5100000000000001e-05,1,1.5100000000000001e-05,9.9e-06,5.200000000000001e-06,,base.py
_get_axis,6.1e-06,1,6.1e-06,4.5e-06,1.6e-06,,generic.py
__init__,8.31e-05,7,1.1871428571428572e-05,7.170000000000001e-05,1.1399999999999992e-05,,generic.py
check_dict_or_set_indexers,8.000000000000001e-06,2,4.000000000000001e-06,5.3e-06,2.7000000000000013e-06,,indexing.py
_check_inplace_and_allows_duplicate_labels,5.000000000000001e-07,1,5.000000000000001e-07,5.000000000000001e-07,0.0,,generic.py
_get_column_array,3.8700000000000006e-05,6,6.450000000000001e-06,3.9e-06,3.4800000000000006e-05,,frame.py
_clear_item_cache,4.6e-06,2,2.3e-06,2.9e-06,1.6999999999999998e-06,,frame.py
_constructor_from_mgr,4.8100000000000004e-05,3,1.6033333333333335e-05,1.02e-05,3.79e-05,,frame.py
__getitem__,0.0001697,4,4.2425e-05,1.65e-05,0.0001532,,indexing.py
ndim,1.8000000000000001e-06,5,3.6000000000000005e-07,1.8000000000000001e-06,0.0,,generic.py
_iter_column_arrays,4.9300000000000006e-05,7,7.042857142857144e-06,7.2000000000000005e-06,4.210000000000001e-05,,frame.py
__getitem__,0.00025800000000000004,4,6.450000000000001e-05,1.94e-05,0.00023860000000000003,,indexing.py
_dtype_to_subclass,5.600000000000001e-06,3,1.8666666666666669e-06,4.3e-06,1.3000000000000003e-06,,base.py
_simple_new,9.11e-05,6,1.5183333333333334e-05,7.54e-05,1.5700000000000002e-05,,base.py
iget,0.0001188,2,5.94e-05,4.24e-05,7.64e-05,,managers.py
_box_col_values,0.00010590000000000001,2,5.2950000000000006e-05,1.23e-05,9.360000000000001e-05,,frame.py
_view,2.32e-05,1,2.32e-05,5.3e-06,1.79e-05,,base.py
iloc,2.9e-06,1,2.9e-06,2.9e-06,0.0,,indexing.py
at,8.6e-06,4,2.15e-06,8.6e-06,0.0,,indexing.py
_constructor,7.000000000000001e-07,1,7.000000000000001e-07,7.000000000000001e-07,0.0,,base.py
_can_consolidate,7.5e-06,3,2.5e-06,4.2000000000000004e-06,3.2999999999999997e-06,,blocks.py
_check_deprecated_callable_usage,1.7e-06,1,1.7e-06,1.5e-06,2e-07,,indexing.py
_axes_are_unique,6.76e-05,4,1.69e-05,8.1e-06,5.95e-05,,indexing.py
need_slice,9.000000000000001e-07,1,9.000000000000001e-07,9.000000000000001e-07,0.0,,indexing.py
ensure_index_from_sequences,0.00020050000000000002,1,0.00020050000000000002,9.100000000000001e-06,0.00019140000000000002,,base.py
_ensure_array,9.4e-06,3,3.133333333333333e-06,9.4e-06,0.0,,base.py
maybe_extract_name,2.93e-05,4,7.325e-06,8.7e-06,2.06e-05,,base.py
_convert_key,2.1000000000000002e-06,4,5.250000000000001e-07,2.1000000000000002e-06,0.0,,indexing.py
default_index,2.01e-05,2,1.005e-05,7.6e-06,1.25e-05,,api.py
_engine_type,1.13e-05,3,3.766666666666667e-06,8.5e-06,2.8000000000000003e-06,,base.py
__contains__,0.0001797,2,8.985e-05,6.77e-05,0.000112,,base.py
<genexpr>,3.3e-06,2,1.65e-06,3.1000000000000004e-06,1.9999999999999978e-07,,base.py
_cleanup,3.07e-05,1,3.07e-05,1.7e-06,2.9e-05,,base.py
_get_values_for_csv,0.00011850000000000001,2,5.9250000000000004e-05,9e-06,0.0001095,,base.py
_maybe_cast_indexer,1.2000000000000002e-06,7,1.7142857142857146e-07,1.2000000000000002e-06,0.0,,base.py
_validate_indexer,5.2e-06,3,1.7333333333333334e-06,5.2e-06,0.0,,base.py
_reset_identity,1.23e-05,11,1.1181818181818182e-06,1.23e-05,0.0,,base.py
__len__,8.900000000000001e-06,13,6.846153846153847e-07,6.200000000000001e-06,2.7000000000000004e-06,,base.py
dtype,1.4000000000000001e-06,3,4.666666666666667e-07,1.4000000000000001e-06,0.0,,base.py
is_unique,6.16e-05,3,2.0533333333333336e-05,1.8500000000000002e-05,4.3100000000000004e-05,,base.py
name,6.000000000000001e-07,1,6.000000000000001e-07,6.000000000000001e-07,0.0,,base.py
_values,2.32e-05,18,1.288888888888889e-06,7.5e-06,1.5700000000000002e-05,,base.py
__getitem__,6.4000000000000006e-06,1,6.4000000000000006e-06,9.000000000000001e-07,5.500000000000001e-06,,range.py
_consolidate_check,3.44e-05,3,1.1466666666666668e-05,2.4100000000000003e-05,1.03e-05,,managers.py
_data,1.5700000000000002e-05,1,1.5700000000000002e-05,6.300000000000001e-06,9.400000000000001e-06,,range.py
_view,8.5e-06,1,8.5e-06,3.3e-06,5.199999999999999e-06,,range.py
extend_blocks,1.1400000000000001e-05,4,2.8500000000000002e-06,7.100000000000001e-06,4.3e-06,,blocks.py
getitem_block_columns,1.15e-05,1,1.15e-05,9.600000000000001e-06,1.8999999999999987e-06,,blocks.py
_validate_set_axis,6.6e-06,1,6.6e-06,2.7e-06,3.9e-06,,base.py
get_block_type,1.48e-05,7,2.1142857142857143e-06,1.16e-05,3.2e-06,,blocks.py
_simple_new,2.6000000000000002e-05,5,5.2e-06,1.63e-05,9.700000000000002e-06,,range.py
copy,2.9500000000000002e-05,1,2.9500000000000002e-05,1.6000000000000003e-05,1.35e-05,,blocks.py
treat_as_nested,1.46e-05,1,1.46e-05,1.41e-05,5.000000000000003e-07,,construction.py
stringify_path,4.49e-05,2,2.245e-05,8.900000000000001e-06,3.6e-05,,common.py
get_compression_method,4.1000000000000006e-06,1,4.1000000000000006e-06,1.2000000000000002e-06,2.9e-06,,common.py
<genexpr>,2.15e-05,15,1.4333333333333333e-06,6.8e-06,1.4700000000000002e-05,,base.py
shape,4.4800000000000005e-05,5,8.96e-06,2.33e-05,2.1500000000000004e-05,,base.py
is_single_block,1.3e-06,1,1.3e-06,1.1e-06,2e-07,,managers.py
iget,6e-06,8,7.5e-07,6e-06,0.0,,blocks.py
_slice,1.9e-06,1,1.9e-06,1.9e-06,0.0,,blocks.py
make_block,2.9e-05,3,9.666666666666667e-06,1.1700000000000001e-05,1.73e-05,,blocks.py
_consolidate_inplace,4.49e-05,3,1.4966666666666667e-05,4.1000000000000006e-06,4.08e-05,,managers.py
_calc_max_cols_fitted,6.300000000000001e-06,1,6.300000000000001e-06,2.0000000000000003e-06,4.3e-06,,format.py
_is_binary_mode,0.0064831,2,0.00324155,1.69e-05,0.0064662,,common.py
create_block_manager_from_column_arrays,0.0003703,2,0.00018515,2.25e-05,0.0003478,,managers.py
_getitem_slice,1.58e-05,2,7.9e-06,7.5e-06,8.300000000000002e-06,,range.py
iget_values,3.48e-05,6,5.7999999999999995e-06,1.0700000000000001e-05,2.4099999999999996e-05,,managers.py
is_truncated_horizontally,4.0000000000000003e-07,1,4.0000000000000003e-07,4.0000000000000003e-07,0.0,,format.py
is_truncated_vertically,3.0000000000000004e-07,1,3.0000000000000004e-07,3.0000000000000004e-07,0.0,,format.py
_initialize_columns,1.5e-06,1,1.5e-06,1.5e-06,0.0,,format.py
_adjust_max_rows,1.0000000000000001e-07,1,1.0000000000000001e-07,1.0000000000000001e-07,0.0,,format.py
truncate,3.4e-06,1,3.4e-06,2.7e-06,7.000000000000001e-07,,format.py
start,6.000000000000001e-07,1,6.000000000000001e-07,6.000000000000001e-07,0.0,,range.py
stop,6.000000000000001e-07,1,6.000000000000001e-07,6.000000000000001e-07,0.0,,range.py
step,2.0000000000000002e-07,1,2.0000000000000002e-07,2.0000000000000002e-07,0.0,,range.py
__len__,1.1400000000000001e-05,16,7.125000000000001e-07,7.7e-06,3.7e-06,,range.py
dtype,2.0000000000000003e-06,4,5.000000000000001e-07,1.9e-06,1.0000000000000031e-07,,blocks.py
__len__,4.4e-06,1,4.4e-06,2.3e-06,2.1000000000000002e-06,,base.py
is_extension,7.2000000000000005e-06,6,1.2000000000000002e-06,6.200000000000001e-06,9.999999999999997e-07,,blocks.py
get_values_for_csv,0.0011332,3,0.0003777333333333333,9.3e-06,0.0011239,,blocks.py
blknos,8.72e-05,8,1.09e-05,5.6000000000000006e-05,3.12e-05,,managers.py
blklocs,2.9e-06,8,3.625e-07,2.9e-06,0.0,,managers.py
copy_func,4.52e-05,2,2.26e-05,6.300000000000001e-06,3.89e-05,,managers.py
is_consolidated,4.08e-05,3,1.36e-05,6.4000000000000006e-06,3.44e-05,,managers.py
_grouping_func,1.1900000000000001e-05,8,1.4875000000000002e-06,6.900000000000001e-06,5e-06,,managers.py
is_url,7.43e-05,1,7.43e-05,6.1e-06,6.82e-05,,common.py
items,2.1000000000000002e-06,3,7.000000000000001e-07,2.1000000000000002e-06,0.0,,managers.py
from_blocks,7.9e-06,2,3.95e-06,7.5e-06,4.000000000000004e-07,,managers.py
_block,9.000000000000001e-07,2,4.5000000000000003e-07,9.000000000000001e-07,0.0,,managers.py
_initialize_sparsify,7.8e-06,1,7.8e-06,9.000000000000001e-07,6.9e-06,,format.py
_initialize_justify,2.25e-05,1,2.25e-05,4.1000000000000006e-06,1.84e-05,,format.py
__init__,8.000000000000001e-07,1,8.000000000000001e-07,8.000000000000001e-07,0.0,,format.py
new_block,1.34e-05,3,4.4666666666666665e-06,8.6e-06,4.8e-06,,blocks.py
set_axis,9.4e-06,1,9.4e-06,2.8000000000000003e-06,6.5999999999999995e-06,,managers.py
<genexpr>,0.00015020000000000002,128,1.1734375000000001e-06,0.00011750000000000001,3.270000000000001e-05,,construction.py
convert_object_array,0.0039519,1,0.0039519,7.8e-06,0.003944100000000001,,construction.py
__enter__,3.0000000000000004e-07,1,3.0000000000000004e-07,3.0000000000000004e-07,0.0,,common.py
get_values_for_csv,0.0011653,1,0.0011653,3.3e-06,0.001162,,managers.py
__init__,3.9e-06,2,1.95e-06,3.9e-06,0.0,,managers.py
dtype,9e-06,2,4.5e-06,7.9e-06,1.0999999999999996e-06,,managers.py
internal_values,4.7e-06,5,9.4e-07,4.3e-06,3.9999999999999956e-07,,managers.py
__exit__,0.00010470000000000001,1,0.00010470000000000001,3.1000000000000004e-06,0.00010160000000000002,,common.py
nested_data_to_arrays,0.0056661,1,0.0056661,1.1700000000000001e-05,0.0056544,,construction.py
_initialize_formatters,1.0000000000000001e-07,1,1.0000000000000001e-07,1.0000000000000001e-07,0.0,,format.py
_finalize_columns_and_data,0.0039804,1,0.0039804,2.32e-05,0.0039572,,construction.py
_calc_max_rows_fitted,5.7000000000000005e-06,1,5.7000000000000005e-06,4.6e-06,1.1000000000000005e-06,,format.py
__init__,1.7e-06,6,2.8333333333333336e-07,1.7e-06,0.0,,managers.py
_stack_arrays,3.9200000000000004e-05,4,9.800000000000001e-06,3.2800000000000004e-05,6.4e-06,,managers.py
<genexpr>,2.3e-06,2,1.15e-06,2.2e-06,9.999999999999989e-08,,construction.py
_slice_take_blocks_ax0,0.00017,1,0.00017,2.9100000000000003e-05,0.0001409,,managers.py
_validate_or_indexify_columns,5.1e-06,1,5.1e-06,2.2e-06,2.9e-06,,construction.py
_maybe_memory_map,3.2000000000000003e-06,1,3.2000000000000003e-06,2.1000000000000002e-06,1.1e-06,,common.py
close,0.0001016,1,0.0001016,5.600000000000001e-06,9.6e-05,,common.py
to_csv,0.0114941,1,0.0114941,1.45e-05,0.0114796,,format.py
choose_backend,0.00013470000000000002,10,1.3470000000000001e-05,0.00011080000000000001,2.3900000000000012e-05,,memory_profiler.py
get_handle,0.0074901,1,0.0074901,5.83e-05,0.0074318000000000006,,common.py
ps_util_tool,0.000755,10,7.55e-05,8.71e-05,0.0006679,,memory_profiler.py
disk_io_counters,0.0270254,127,0.0002127984251968504,0.0024916,0.0245338,,__init__.py
run,0.0115267,255,4.520274509803922e-05,0.0070466,0.004480100000000001,,_common.py
memory_usage,1.0043886,10,0.10043885999999999,0.0001844,1.0042042,,memory_profiler.py
cpu_percent,8.7755937,254,0.03454958149606299,0.0065336000000000005,8.7690601,,__init__.py
<module>,0.00010200000000000001,1,0.00010200000000000001,3.86e-05,6.340000000000001e-05,,util.py
_recv_bytes,39.1525374,154,0.25423725584415585,0.0035397000000000002,39.1489977,,connection.py
get_preparation_data,0.00042490000000000003,12,3.540833333333334e-05,0.0001785,0.0002464,,spawn.py
<module>,0.0015663,1,0.0015663,4.8200000000000006e-05,0.0015181,,connection.py
_init,0.00038710000000000003,10,3.871e-05,8.98e-05,0.0002973,,__init__.py
_get_raw_meminfo,7.66e-05,10,7.660000000000001e-06,7.3e-06,6.93e-05,,_pswindows.py
wait,0.13509980000000002,298,0.0004533550335570471,0.0056516000000000005,0.1294482,,connection.py
_screen_shape_windows,2.7300000000000003e-05,1,2.7300000000000003e-05,2.18e-05,5.5000000000000016e-06,,utils.py
_initialize_columns,8.55e-05,1,8.55e-05,5.3e-06,8.02e-05,,csvs.py
__getstate__,0.00045050000000000005,24,1.8770833333333337e-05,0.0002719,0.00017860000000000006,,synchronize.py
stop,129.4706506,1,129.4706506,8.65e-05,129.4705641,,system_monitor.py
update,4.0434901000000005,37,0.10928351621621624,0.0006043,4.0428858000000005,,std.py
_set,0.0047247,153,3.0880392156862744e-05,0.0013594000000000002,0.0033653,,pool.py
process_broker,128.13959350000002,1,128.13959350000002,0.0024735,128.13712,3.52734375,historical_data_downloader.py
_terminate_pool,0.0003195,1,0.0003195,4.83e-05,0.00027120000000000003,,pool.py
__init__,0.06543,12,0.0054525,0.0004106,0.0650194,,popen_spawn_win32.py
process_all_brokers,128.2424071,1,128.2424071,2e-05,128.2423871,3.54296875,historical_data_downloader.py
__init__,0.0003193,1,0.0003193,1.69e-05,0.00030240000000000003,,_monitor.py
__init__,2.7400000000000002e-05,1,2.7400000000000002e-05,1.52e-05,1.2200000000000002e-05,,pool.py
__iter__,193.2550668,154,1.2549030311688312,0.004288200000000001,193.25077860000002,,std.py
setup_logger,0.0011144,1,0.0011144,5.6200000000000004e-05,0.0010582,,logger_config.py
format_dict,0.0005035,40,1.2587500000000001e-05,0.0003589,0.00014460000000000005,,std.py
Pipe,0.00032980000000000005,3,0.00010993333333333335,3.43e-05,0.0002955,,connection.py
imap_unordered,5.45e-05,1,5.45e-05,1.84e-05,3.61e-05,,pool.py
__call__,0.0012618,13,9.706153846153846e-05,7.070000000000001e-05,0.0011911,,util.py
write_cols,2.46e-05,1,2.46e-05,1.56e-05,9.000000000000002e-06,,csvs.py
_save_chunk,0.001902,1,0.001902,0.0003777,0.0015243000000000001,,csvs.py
_help_stuff_finish,1.15e-05,1,1.15e-05,7.8e-06,3.7e-06,,pool.py
send_bytes,0.00015350000000000002,6,2.5583333333333336e-05,4.13e-05,0.00011220000000000002,,connection.py
display,0.20763910000000002,40,0.005190977500000001,0.0005690000000000001,0.20707010000000003,,std.py
wait,0.5955838,1878,0.00031713727369542065,0.0037231,0.5918607,,popen_spawn_win32.py
_handle_workers,0.2803682,1,0.2803682,2.64e-05,0.28034180000000003,,pool.py
<module>,0.00012880000000000001,1,0.00012880000000000001,1.76e-05,0.00011120000000000002,,synchronize.py
__init__,0.00014920000000000002,4,3.7300000000000005e-05,4.8700000000000005e-05,0.00010050000000000002,,synchronize.py
join,128.13712,1,128.13712,4.63e-05,128.1370737,,pool.py
_decr_instances,4.1400000000000003e-05,1,4.1400000000000003e-05,1.29e-05,2.85e-05,,std.py
log_metrics,0.6122489,1,0.6122489,7.000000000000001e-06,0.6122419,,system_monitor.py
__new__,0.00036480000000000003,1,0.00036480000000000003,2.79e-05,0.0003369,,std.py
colour,1.54e-05,40,3.85e-07,1.54e-05,0.0,,std.py
_get_more_data,13.235558300000001,153,0.08650691699346406,0.0040391,13.231519200000001,,connection.py
__init__,0.00011470000000000001,1,0.00011470000000000001,1.5100000000000001e-05,9.960000000000001e-05,,csvs.py
next,9.06488,154,0.05886285714285715,0.002242,9.062638,,pool.py
<module>,3.19e-05,1,3.19e-05,1.7800000000000002e-05,1.41e-05,,spawn.py
CSVFormatter,1.1000000000000001e-05,1,1.1000000000000001e-05,1.1000000000000001e-05,0.0,,csvs.py
_handle_tasks,127.5494479,1,127.5494479,0.0010543,127.5483936,,pool.py
close,0.0008206,2,0.0004103,7.4e-06,0.0008132,,std.py
_send_bytes,142.5638178,171,0.8337065368421053,0.0025481,142.5612697,,connection.py
__format__,0.00031790000000000003,40,7.947500000000001e-06,0.00027350000000000003,4.4399999999999995e-05,,std.py
format_meter,0.012836100000000001,40,0.00032090250000000003,0.0028124,0.010023700000000002,,std.py
_handle_results,127.5467318,1,127.5467318,6.330000000000001e-05,127.54666850000001,,pool.py
__init__,7.88e-05,1,7.88e-05,1.95e-05,5.9300000000000005e-05,,pool.py
Pool,2.3100000000000002e-05,1,2.3100000000000002e-05,2.3100000000000002e-05,0.0,,pool.py
save,0.0096696,1,0.0096696,2.5e-05,0.0096446,,csvs.py
<module>,0.004201600000000001,1,0.004201600000000001,9e-05,0.004111600000000001,,pool.py
data_index,1.3100000000000002e-05,1,1.3100000000000002e-05,2.6e-06,1.0500000000000001e-05,,csvs.py
<module>,0.0007628,1,0.0007628,1.7e-05,0.0007458,,popen_spawn_win32.py
idelete,0.0002931,1,0.0002931,4.55e-05,0.0002476,,managers.py
_list_of_dict_to_arrays,0.0016054,1,0.0016054,0.0007819000000000001,0.0008235,,construction.py
infer_compression,3.41e-05,1,3.41e-05,1.65e-05,1.76e-05,,common.py
_expand_user,1.9e-05,3,6.333333333333333e-06,9e-06,1e-05,,common.py
check_parent_directory,0.0002108,1,0.0002108,1.3000000000000001e-05,0.0001978,,common.py
is_fsspec_url,9.5e-06,1,9.5e-06,5.1e-06,4.4e-06,,common.py
_get_binary_io_classes,0.0063114,1,0.0063114,3.0100000000000003e-05,0.0062813,,common.py
_is_in_terminal,5.3e-06,2,2.65e-06,5.3e-06,0.0,,format.py
__init__,2.4000000000000003e-06,1,2.4000000000000003e-06,2.4000000000000003e-06,0.0,,<string>
_references,2.4000000000000003e-06,1,2.4000000000000003e-06,1.7e-06,7.000000000000003e-07,,series.py
_values,9.2e-06,5,1.84e-06,4.5e-06,4.7e-06,,series.py
dtype,1.1700000000000001e-05,2,5.850000000000001e-06,2.7e-06,9.000000000000002e-06,,series.py
__len__,7.3e-06,1,7.3e-06,1.1e-06,6.2e-06,,series.py
_set_as_cached,1.6100000000000002e-05,2,8.050000000000001e-06,6.1e-06,1.0000000000000003e-05,,series.py
rng,4.9600000000000006e-05,7,7.085714285714287e-06,1.5100000000000001e-05,3.4500000000000005e-05,,tempfile.py
_exists,6.3e-05,3,2.1e-05,5.9e-06,5.71e-05,,tempfile.py
_get_candidate_names,4.2000000000000004e-06,3,1.4000000000000001e-06,3.6000000000000003e-06,6.000000000000002e-07,,tempfile.py
__next__,0.0001363,7,1.9471428571428573e-05,2.09e-05,0.00011540000000000001,,tempfile.py
mktemp,0.00018030000000000002,3,6.0100000000000004e-05,1.34e-05,0.00016690000000000002,,tempfile.py
_get_memory,0.0008553,10,8.553e-05,8.88e-05,0.0007665,,memory_profiler.py
<genexpr>,2.39e-05,60,3.9833333333333337e-07,2.39e-05,0.0,,memory_profiler.py
_cpu_times_deltas,0.0270927,1651,1.6409872804360993e-05,0.0143151,0.0127776,,__init__.py
_add_dict,1.13e-05,2,5.65e-06,1.13e-05,0.0,,_common.py
cpu_times,0.762144,127,0.006001133858267717,0.0052141,0.7569299,,_pswindows.py
net_io_counters,0.8592665,128,0.00671301953125,0.0016282,0.8576383000000001,,_pswindows.py
usage_percent,0.0007113,127,5.6007874015748035e-06,0.0005099,0.00020140000000000002,,_common.py
create_time,0.0002311,10,2.311e-05,1.7500000000000002e-05,0.00021360000000000001,,__init__.py
virtual_memory,0.0025302000000000002,127,1.9922834645669294e-05,0.0007476000000000001,0.0017826,,_pswindows.py
virtual_memory,0.0028263000000000003,127,2.225433070866142e-05,0.00029610000000000004,0.0025302000000000002,,__init__.py
net_io_counters,0.8704078000000001,128,0.0068000609375000005,0.0018715000000000001,0.8685363,,__init__.py
_remove_dead_reminders,0.0019811,253,7.830434782608695e-06,0.0017329000000000001,0.00024819999999999985,,_common.py
wrapper,0.00024900000000000004,10,2.4900000000000002e-05,7.450000000000001e-05,0.0001745,,_common.py
cpu_times,1.2979038,254,0.005109857480314961,0.0014343000000000001,1.2964695,,__init__.py
_cpu_busy_time,0.0033797000000000002,1651,2.0470623864324654e-06,0.0016145,0.0017652000000000002,,__init__.py
__init__,0.00040340000000000005,10,4.0340000000000003e-05,1.63e-05,0.00038710000000000003,,__init__.py
wrap_numbers,0.013321600000000001,255,5.224156862745098e-05,0.0016538000000000002,0.0116678,,_common.py
memory_info,0.0001745,10,1.745e-05,1.1000000000000001e-05,0.00016350000000000002,,__init__.py
pid,1.8000000000000001e-06,10,1.8000000000000002e-07,1.8000000000000001e-06,0.0,,__init__.py
calculate,0.0427138,1651,2.5871471835251365e-05,0.0046068,0.038107,,__init__.py
per_cpu_times,0.44935860000000005,127,0.0035382566929133864,0.006999900000000001,0.44235870000000005,,_pswindows.py
wrapper,0.0003771,20,1.8855e-05,4.11e-05,0.000336,,_pswindows.py
_cpu_tot_time,0.0028182000000000003,3302,8.534827377347063e-07,0.0013024,0.0015158000000000003,,__init__.py
py2_strencode,0.00010400000000000001,512,2.0312500000000001e-07,0.00010400000000000001,0.0,,_pswindows.py
__init__,7.6e-06,10,7.6e-07,7.6e-06,0.0,,_pswindows.py
memory_info,0.00014680000000000002,10,1.4680000000000002e-05,4.5e-05,0.00010180000000000001,,_pswindows.py
create_time,0.00018920000000000002,10,1.8920000000000002e-05,1.93e-05,0.0001699,,_pswindows.py
refresh,4.0386591,39,0.10355536153846155,0.0005864,4.0380727,,std.py
__init__,0.0013316,1,0.0013316,1.6100000000000002e-05,0.0013155,0.01171875,historical_data_downloader.py
inner,0.05836,82,0.0007117073170731708,0.0002656,0.058094400000000004,,utils.py
get_command_line,0.00040580000000000005,12,3.381666666666667e-05,0.0001151,0.0002907000000000001,,spawn.py
__init__,0.0002379,40,5.9475e-06,0.00022250000000000001,1.5399999999999995e-05,,std.py
_get_free_pos,5.83e-05,1,5.83e-05,1.65e-05,4.18e-05,,std.py
_repopulate_pool,0.06874870000000001,1,0.06874870000000001,4.2000000000000004e-06,0.06874450000000001,,pool.py
arbitrary_address,0.0001933,3,6.443333333333333e-05,1.11e-05,0.0001822,,connection.py
_set_length,9.7e-06,1,9.7e-06,6.1e-06,3.6000000000000003e-06,,pool.py
put,0.0003528,6,5.88e-05,2.61e-05,0.0003267,,queues.py
_ConnectionBase,9.4e-06,1,9.4e-06,9.4e-06,0.0,,connection.py
recv,89.2720302,154,0.5796885077922078,0.0018109,89.27021930000001,,connection.py
get,0.00011240000000000001,2,5.6200000000000004e-05,8.5e-06,0.0001039,,queues.py
extract_credentials,0.0016815,1,0.0016815,4.2000000000000004e-05,0.0016395000000000001,0.2890625,historical_data_downloader.py
initialize,0.10869050000000001,1,0.10869050000000001,1.8200000000000002e-05,0.10867230000000001,,mt5_connection.py
__init__,0.00012040000000000001,1,0.00012040000000000001,1.0500000000000001e-05,0.00010990000000000002,,std.py
__call__,0.000506,221,2.2895927601809958e-06,0.000506,0.0,,std.py
__init__,4.2600000000000005e-05,1,4.2600000000000005e-05,1.23e-05,3.0300000000000005e-05,,utils.py
reduce_pipe_connection,0.0007834000000000001,48,1.6320833333333335e-05,0.00019730000000000003,0.0005861,,connection.py
__init__,0.0014864000000000001,3,0.0004954666666666667,1.3100000000000002e-05,0.0014733,,queues.py
release,0.0004174,54,7.72962962962963e-06,0.00024700000000000004,0.00017039999999999997,,std.py
create_mp_lock,0.0001082,1,0.0001082,1.06e-05,9.76e-05,,std.py
format_interval,0.0004997000000000001,79,6.325316455696203e-06,0.0004243,7.540000000000004e-05,,std.py
_make_name,9.22e-05,4,2.305e-05,1.2400000000000002e-05,7.98e-05,,synchronize.py
SemLock,4.9000000000000005e-06,1,4.9000000000000005e-06,4.9000000000000005e-06,0.0,,synchronize.py
get_instances,0.0018732000000000002,24,7.805000000000001e-05,0.0001698,0.0017034000000000003,,_monitor.py
_wait_for_updates,53.047430600000006,148,0.35842858513513515,0.0015263000000000002,53.045904300000004,,pool.py
__init__,6.300000000000001e-06,6,1.0500000000000001e-06,6.300000000000001e-06,0.0,,connection.py
send,160.25755170000002,165,0.9712578890909093,0.0018585000000000001,160.25569320000002,,connection.py
__getstate__,6.26e-05,24,2.6083333333333335e-06,3.34e-05,2.9200000000000005e-05,,queues.py
Barrier,6.300000000000001e-06,1,6.300000000000001e-06,5.4e-06,9.000000000000007e-07,,synchronize.py
_path_eq,3.0000000000000004e-07,1,3.0000000000000004e-07,3.0000000000000004e-07,0.0,,popen_spawn_win32.py
set_executable,5.600000000000001e-06,1,5.600000000000001e-06,4.1000000000000006e-06,1.5e-06,,spawn.py
_initialize_index_label,1.1900000000000001e-05,1,1.1900000000000001e-05,1.1e-06,1.0800000000000002e-05,,csvs.py
__init__,2.2700000000000003e-05,40,5.675000000000001e-07,2.2700000000000003e-05,0.0,,utils.py
colour,8.7e-06,40,2.1749999999999998e-07,8.7e-06,0.0,,std.py
__hash__,5.84e-05,26,2.2461538461538464e-06,3.83e-05,2.01e-05,,std.py
print_status,0.0632442,40,0.001581105,0.00019380000000000002,0.0630504,,std.py
_is_ascii,0.0006278000000000001,80,7.8475e-06,0.00045890000000000004,0.00016890000000000004,,utils.py
_get_sentinels,2.4000000000000003e-06,1,2.4000000000000003e-06,2.4000000000000003e-06,0.0,,pool.py
_maintain_pool,0.46911410000000003,148,0.003169689864864865,0.00044510000000000003,0.46866900000000006,,pool.py
poll,0.014952900000000002,151,9.902582781456955e-05,0.0007702000000000001,0.014182700000000001,,connection.py
_close,3.16e-05,6,5.266666666666667e-06,3.3e-06,2.8300000000000003e-05,,connection.py
<lambda>,1.0000000000000001e-07,1,1.0000000000000001e-07,1.0000000000000001e-07,0.0,,std.py
__str__,0.0137414,40,0.000343535,0.0004018,0.0133396,,std.py
__eq__,3.9e-06,1,3.9e-06,1.9e-06,2e-06,,utils.py
__eq__,7.5e-06,4,1.875e-06,3.9e-06,3.6000000000000003e-06,,utils.py
<genexpr>,0.0080093,12520,6.397204472843451e-07,0.0043812,0.0036281000000000004,,utils.py
_text_width,0.010707600000000001,120,8.923000000000001e-05,0.0002815,0.0104261,,utils.py
disp_len,0.0112481,120,9.373416666666667e-05,0.00021950000000000002,0.011028600000000001,,utils.py
status_printer,1.95e-05,1,1.95e-05,1.0500000000000001e-05,8.999999999999999e-06,,std.py
_setup_queues,0.0023338,1,0.0023338,4.4e-06,0.0023294,,pool.py
<module>,7.54e-05,1,7.54e-05,1.94e-05,5.6000000000000006e-05,,queues.py
acquire,0.0004981,54,9.224074074074074e-06,0.0002497,0.0002484,,std.py
fp_write,0.0606249,40,0.0015156225,0.0008678000000000001,0.0597571,,std.py
get_lock,0.0001733,13,1.3330769230769232e-05,3.5300000000000004e-05,0.000138,,std.py
fp_write,3.85e-05,2,1.925e-05,4.2000000000000004e-06,3.43e-05,,std.py
__format__,3.6e-05,40,9.000000000000001e-07,3.6e-05,0.0,,utils.py
_supports_unicode,1.39e-05,1,1.39e-05,5.3e-06,8.6e-06,,utils.py
_screen_shape_wrapper,1.2000000000000002e-06,1,1.2000000000000002e-06,1.2000000000000002e-06,0.0,,utils.py
disp_trim,0.0043222,40,0.000108055,7.070000000000001e-05,0.0042515,,utils.py
wrapper,129.87905990000002,1,129.87905990000002,0.0012194,129.87784050000002,,profiling_utils.py
_repopulate_pool_static,0.0687445,1,0.0687445,0.00014340000000000002,0.0686011,,pool.py
__enter__,0.00022260000000000002,16,1.3912500000000001e-05,3.5600000000000005e-05,0.00018700000000000002,,std.py
__exit__,0.0001438,16,8.9875e-06,2.1700000000000002e-05,0.00012209999999999999,,std.py
__getattr__,2.5e-06,1,2.5e-06,1.2000000000000002e-06,1.3e-06,,utils.py
__init__,2.6e-06,3,8.666666666666667e-07,2.6e-06,0.0,,std.py
wrapper_setattr,7.000000000000001e-06,3,2.3333333333333336e-06,7.000000000000001e-06,0.0,,utils.py
__init__,1.0500000000000001e-05,1,1.0500000000000001e-05,6.6e-06,3.900000000000001e-06,,utils.py
__del__,1.1e-06,1,1.1e-06,8.000000000000001e-07,3e-07,,std.py
_comparable,2.0000000000000003e-06,2,1.0000000000000002e-06,1.5e-06,5.000000000000003e-07,,std.py
disable_on_exception,1.39e-05,2,6.95e-06,1.2600000000000001e-05,1.2999999999999994e-06,,utils.py
shutdown,1.5700000000000002e-05,1,1.5700000000000002e-05,6.900000000000001e-06,8.8e-06,,mt5_connection.py
MaybeEncodingError,1.3e-06,1,1.3e-06,1.3e-06,0.0,,pool.py
Process,0.0003254,12,2.7116666666666667e-05,5.5400000000000005e-05,0.00027,,pool.py
IMapIterator,1.2000000000000002e-06,1,1.2000000000000002e-06,1.2000000000000002e-06,0.0,,pool.py
ForkAwareThreadLock,9.000000000000001e-07,1,9.000000000000001e-07,9.000000000000001e-07,0.0,,util.py
_is_utf,6.1e-06,1,6.1e-06,4.2000000000000004e-06,1.8999999999999996e-06,,utils.py
_join_exited_workers,0.0408308,148,0.0002758837837837838,0.0018413000000000001,0.0389895,,pool.py
__delitem__,8.05e-05,1,8.05e-05,1.13e-05,6.92e-05,,pool.py
_get_worker_sentinels,0.0050711,148,3.426418918918919e-05,0.0012050000000000001,0.0038661,,pool.py
ApplyResult,7.9e-06,1,7.9e-06,7.9e-06,0.0,,pool.py
ThreadPool,4.5e-06,1,4.5e-06,4.5e-06,0.0,,pool.py
SimpleQueue,3.3e-06,1,3.3e-06,3.3e-06,0.0,,queues.py
Condition,3.8e-06,1,3.8e-06,3.8e-06,0.0,,synchronize.py
duplicate_for_child,0.0001338,24,5.575e-06,4.32e-05,9.06e-05,,popen_spawn_win32.py
_check_not_importing_main,2.4200000000000002e-05,12,2.0166666666666667e-06,1.54e-05,8.8e-06,,spawn.py
_get_index_label_flat,3.2000000000000003e-06,1,3.2000000000000003e-06,2.6e-06,6.000000000000002e-07,,csvs.py
has_mi_columns,1.6100000000000002e-05,3,5.366666666666667e-06,8.000000000000001e-06,8.1e-06,,csvs.py
_save,0.0020381,1,0.0020381,6.900000000000001e-06,0.0020312000000000004,,csvs.py
__init__,2.4000000000000003e-06,1,2.4000000000000003e-06,2.4000000000000003e-06,0.0,,mt5_connection.py
RemoteTraceback,6.000000000000001e-07,1,6.000000000000001e-07,6.000000000000001e-07,0.0,,pool.py
ExceptionWithTraceback,8.000000000000001e-07,1,8.000000000000001e-07,8.000000000000001e-07,0.0,,pool.py
MapResult,5.000000000000001e-07,1,5.000000000000001e-07,5.000000000000001e-07,0.0,,pool.py
IMapUnorderedIterator,5.000000000000001e-07,1,5.000000000000001e-07,5.000000000000001e-07,0.0,,pool.py
ForkAwareLocal,4.0000000000000003e-07,1,4.0000000000000003e-07,4.0000000000000003e-07,0.0,,util.py
readable,2.1000000000000002e-05,96,2.1875000000000002e-07,2.1000000000000002e-05,0.0,,connection.py
writable,1.2600000000000001e-05,96,1.3125000000000001e-07,1.2600000000000001e-05,0.0,,connection.py
__iter__,3.0000000000000004e-07,1,3.0000000000000004e-07,3.0000000000000004e-07,0.0,,pool.py
get_executable,3.2000000000000003e-06,24,1.3333333333333334e-07,3.2000000000000003e-06,0.0,,spawn.py
start,0.004277700000000001,1,0.004277700000000001,1.55e-05,0.004262200000000001,,system_monitor.py
__del__,2.4000000000000003e-06,1,2.4000000000000003e-06,2.4000000000000003e-06,0.0,,pool.py
_guarded_task_generation,0.00017350000000000002,154,1.1266233766233767e-06,0.00017350000000000002,0.0,,pool.py
_poll,0.0118542,151,7.85046357615894e-05,0.0014559,0.010398300000000001,,connection.py
__init__,0.0061434,1,0.0061434,2.92e-05,0.0061142,,system_monitor.py
Connection,2.2e-06,1,2.2e-06,2.2e-06,0.0,,connection.py
Queue,1.2100000000000001e-05,1,1.2100000000000001e-05,1.2100000000000001e-05,0.0,,queues.py
_save_header,6.840000000000001e-05,1,6.840000000000001e-05,8.200000000000001e-06,6.0200000000000006e-05,,csvs.py
nlevels,1.1e-06,1,1.1e-06,7.000000000000001e-07,4e-07,,csvs.py
sub_debug,6.900000000000001e-06,13,5.307692307692308e-07,6.900000000000001e-06,0.0,,util.py
debug,1.0700000000000001e-05,35,3.057142857142857e-07,1.0700000000000001e-05,0.0,,util.py
PipeConnection,2.1000000000000002e-06,1,2.1000000000000002e-06,2.1000000000000002e-06,0.0,,connection.py
_platform_supports_abstract_sockets,1.5e-06,1,1.5e-06,1.0000000000000002e-06,4.999999999999999e-07,,util.py
Finalize,2.3e-06,1,2.3e-06,2.3e-06,0.0,,util.py
Listener,3.3e-06,1,3.3e-06,3.3e-06,0.0,,connection.py
_initialize_quotechar,7.000000000000001e-07,1,7.000000000000001e-07,7.000000000000001e-07,0.0,,csvs.py
_need_to_save_header,1.6100000000000002e-05,1,1.6100000000000002e-05,3.9e-06,1.2200000000000002e-05,,csvs.py
_check_running,7.000000000000001e-07,1,7.000000000000001e-07,7.000000000000001e-07,0.0,,pool.py
__init__,2.4000000000000003e-06,1,2.4000000000000003e-06,2.4000000000000003e-06,0.0,,pool.py
_PoolCache,1.1e-06,1,1.1e-06,1.1e-06,0.0,,pool.py
__del__,3.96e-05,6,6.6e-06,8.000000000000001e-06,3.1599999999999996e-05,,connection.py
_check_closed,0.0005199,972,5.348765432098765e-07,0.0005199,0.0,,connection.py
_check_readable,0.00010640000000000001,307,3.4657980456026063e-07,0.00010640000000000001,0.0,,connection.py
_check_writable,3.8100000000000005e-05,171,2.2280701754385969e-07,3.8100000000000005e-05,0.0,,connection.py
fileno,0.0006612,494,1.3384615384615385e-06,0.00043670000000000004,0.00022449999999999998,,connection.py
PipeListener,4.7e-06,1,4.7e-06,4.7e-06,0.0,,connection.py
<genexpr>,2.6e-06,6,4.3333333333333335e-07,2.1000000000000002e-06,4.999999999999999e-07,,connection.py
JoinableQueue,1.2000000000000002e-06,1,1.2000000000000002e-06,1.2000000000000002e-06,0.0,,queues.py
__enter__,1.22e-05,2,6.1e-06,1.01e-05,2.1000000000000002e-06,,synchronize.py
__exit__,5.7000000000000005e-06,2,2.8500000000000002e-06,4.000000000000001e-06,1.6999999999999998e-06,,synchronize.py
__init__,8.450000000000001e-05,3,2.816666666666667e-05,4.3e-06,8.020000000000001e-05,,synchronize.py
__init__,7.170000000000001e-05,1,7.170000000000001e-05,2.7e-06,6.900000000000001e-05,,synchronize.py
Event,1.2000000000000002e-06,1,1.2000000000000002e-06,1.2000000000000002e-06,0.0,,synchronize.py
close,4.1700000000000004e-05,1,4.1700000000000004e-05,5.9e-06,3.58e-05,,pool.py
recv_bytes,4.21e-05,2,2.105e-05,9.5e-06,3.26e-05,,connection.py
ConnectionWrapper,7.000000000000001e-07,1,7.000000000000001e-07,7.000000000000001e-07,0.0,,connection.py
XmlListener,4.0000000000000003e-07,1,4.0000000000000003e-07,4.0000000000000003e-07,0.0,,connection.py
Semaphore,8.000000000000001e-07,1,8.000000000000001e-07,8.000000000000001e-07,0.0,,synchronize.py
BoundedSemaphore,8.000000000000001e-07,1,8.000000000000001e-07,8.000000000000001e-07,0.0,,synchronize.py
Lock,4.0000000000000003e-07,1,4.0000000000000003e-07,4.0000000000000003e-07,0.0,,synchronize.py
RLock,4.0000000000000003e-07,1,4.0000000000000003e-07,4.0000000000000003e-07,0.0,,synchronize.py
_make_methods,5.4e-06,4,1.35e-06,5.4e-06,0.0,,synchronize.py
_initialize_chunksize,1.5e-06,1,1.5e-06,1.2000000000000002e-06,2.999999999999999e-07,,csvs.py
_has_aliases,1.66e-05,2,8.3e-06,6.6e-06,9.999999999999999e-06,,csvs.py
SocketListener,1.0000000000000002e-06,1,1.0000000000000002e-06,1.0000000000000002e-06,0.0,,connection.py
<genexpr>,0.00018920000000000002,440,4.3000000000000007e-07,0.00018920000000000002,0.0,,connection.py
empty,0.025461,150,0.00016974,0.000809,0.024652,,queues.py
<genexpr>,2.86e-05,60,4.7666666666666667e-07,2.86e-05,0.0,,popen_spawn_win32.py
poll,0.0105333,1866,5.644855305466238e-06,0.0014381,0.009095200000000001,,popen_spawn_win32.py
<genexpr>,4.5900000000000004e-05,36,1.275e-06,4.5900000000000004e-05,0.0,,spawn.py
decimal,7.000000000000001e-07,3,2.3333333333333336e-07,7.000000000000001e-07,0.0,,csvs.py
header,1.9e-06,3,6.333333333333333e-07,1.9e-06,0.0,,csvs.py
index,9.000000000000001e-07,2,4.5000000000000003e-07,9.000000000000001e-07,0.0,,csvs.py
na_rep,1.1e-06,3,3.6666666666666667e-07,1.1e-06,0.0,,csvs.py
float_format,8.000000000000001e-07,3,2.6666666666666667e-07,8.000000000000001e-07,0.0,,csvs.py
_number_format,1.13e-05,3,3.766666666666667e-06,8.7e-06,2.6000000000000005e-06,,csvs.py
Popen,1.4000000000000001e-06,1,1.4000000000000001e-06,1.4000000000000001e-06,0.0,,popen_spawn_win32.py
_close_handles,0.0008598000000000001,12,7.165000000000001e-05,2.7300000000000003e-05,0.0008325000000000001,,popen_spawn_win32.py
<module>,7.670000000000001e-05,1,7.670000000000001e-05,3.52e-05,4.1500000000000006e-05,,csvs.py
_get_index_label_from_obj,1.08e-05,1,1.08e-05,4.4e-06,6.4e-06,,csvs.py
encoded_labels,4.1e-05,1,4.1e-05,1.29e-05,2.81e-05,,csvs.py
_save_body,0.0019467000000000002,1,0.0019467000000000002,2.6700000000000002e-05,0.0019200000000000003,,csvs.py
<method 'any' of 'numpy.ndarray' objects>,6.37e-05,2,3.185e-05,1.3700000000000001e-05,5e-05,,~
<method 'astype' of 'numpy.ndarray' objects>,0.000299,6,4.9833333333333336e-05,0.000299,0.0,,~
<method 'copy' of 'numpy.ndarray' objects>,1.3500000000000001e-05,1,1.3500000000000001e-05,1.3500000000000001e-05,0.0,,~
<method 'nonzero' of 'numpy.ndarray' objects>,5.7000000000000005e-06,1,5.7000000000000005e-06,5.7000000000000005e-06,0.0,,~
<method 'sum' of 'numpy.ndarray' objects>,4.43e-05,1,4.43e-05,1e-05,3.43e-05,,~
<method 'view' of 'numpy.ndarray' objects>,8.6e-06,2,4.3e-06,8.6e-06,0.0,,~
<built-in method numpy.array>,2.3100000000000002e-05,7,3.3e-06,2.3100000000000002e-05,0.0,,~
<built-in method numpy.asarray>,2.9100000000000003e-05,20,1.455e-06,2.9100000000000003e-05,0.0,,~
<built-in method numpy.asanyarray>,6.000000000000001e-07,1,6.000000000000001e-07,6.000000000000001e-07,0.0,,~
<built-in method numpy.arange>,8.000000000000001e-06,1,8.000000000000001e-06,8.000000000000001e-06,0.0,,~
<built-in method numpy.zeros>,2.2e-06,1,2.2e-06,2.2e-06,0.0,,~
<built-in method numpy.empty>,5.75e-05,26,2.211538461538462e-06,5.75e-05,0.0,,~
<built-in method numpy.datetime_data>,7.4e-06,4,1.85e-06,7.4e-06,0.0,,~
<method 'reduce' of 'numpy.ufunc' objects>,7.8e-05,3,2.6e-05,7.8e-05,0.0,,~
<built-in method _abc._abc_instancecheck>,0.0006628000000000001,36,1.8411111111111113e-05,8.47e-05,0.0005781,,~
<built-in method _abc._abc_subclasscheck>,0.0005695,17,3.35e-05,0.0005001000000000001,6.939999999999995e-05,,~
<built-in method _codecs.lookup>,5.8e-06,1,5.8e-06,5.8e-06,0.0,,~
<built-in method _codecs.charmap_encode>,0.0014565000000000001,156,9.336538461538463e-06,0.0014565000000000001,0.0,,~
<built-in method _codecs.lookup_error>,1.3e-06,1,1.3e-06,1.3e-06,0.0,,~
<method 'append' of 'collections.deque' objects>,0.0001966,315,6.241269841269841e-07,0.0001966,0.0,,~
<method 'popleft' of 'collections.deque' objects>,0.00032070000000000004,298,1.0761744966442954e-06,0.00032070000000000004,0.0,,~
<method 'remove' of 'collections.deque' objects>,0.00014920000000000002,161,9.267080745341617e-07,0.00014920000000000002,0.0,,~
<method 'writerow' of '_csv.writer' objects>,8.8e-06,1,8.8e-06,8.8e-06,0.0,,~
<built-in method _csv.writer>,1.1400000000000001e-05,1,1.1400000000000001e-05,1.1400000000000001e-05,0.0,,~
<method 'disable' of '_lsprof.Profiler' objects>,3.19e-05,1,3.19e-05,3.19e-05,0.0,,~
<method 'dump' of '_pickle.Pickler' objects>,0.0046497000000000005,195,2.3844615384615387e-05,0.0030832000000000004,0.0015665000000000002,,~
<built-in method _pickle.loads>,0.0028554,156,1.8303846153846155e-05,0.0028554,0.0,,~
<method 'random' of '_random.Random' objects>,8.5e-06,56,1.5178571428571427e-07,8.5e-06,0.0,,~
<function Random.seed at 0x000002534DD21260>,1.32e-05,2,6.6e-06,1.32e-05,0.0,,~
<method 'match' of 're.Pattern' objects>,4.1000000000000006e-06,1,4.1000000000000006e-06,4.1000000000000006e-06,0.0,,~
<method 'search' of 're.Pattern' objects>,2.7700000000000002e-05,3,9.233333333333334e-06,2.7700000000000002e-05,0.0,,~
<method 'sub' of 're.Pattern' objects>,0.000321,120,2.675e-06,0.000321,0.0,,~
<method 'group' of 're.Match' objects>,2.83e-05,20,1.415e-06,2.83e-05,0.0,,~
<built-in method _stat.S_ISDIR>,1.1e-06,1,1.1e-06,1.1e-06,0.0,,~
<built-in method _struct.unpack>,5.500000000000001e-06,1,5.500000000000001e-06,5.500000000000001e-06,0.0,,~
<built-in method _weakref._remove_dead_weakref>,6.5000000000000004e-06,11,5.90909090909091e-07,6.5000000000000004e-06,0.0,,~
<built-in method _weakref.proxy>,1.3e-06,2,6.5e-07,1.3e-06,0.0,,~
<built-in method atexit.register>,1.8000000000000001e-06,2,9.000000000000001e-07,1.8000000000000001e-06,0.0,,~
<built-in method now>,0.0018985,168,1.1300595238095238e-05,0.0018985,0.0,,~
<built-in method fromtimestamp>,5.500000000000001e-06,1,5.500000000000001e-06,5.500000000000001e-06,0.0,,~
<method 'strftime' of 'datetime.date' objects>,3.8900000000000004e-05,1,3.8900000000000004e-05,3.8900000000000004e-05,0.0,,~
<built-in method math.floor>,7.3e-06,56,1.3035714285714286e-07,7.3e-06,0.0,,~
<built-in method nt.stat>,0.0025936,41,6.325853658536586e-05,0.0025896,4.000000000000097e-06,,~
<built-in method nt.getcwd>,2.64e-05,12,2.2e-06,2.64e-05,0.0,,~
<built-in method nt.listdir>,9.6e-05,1,9.6e-05,9.6e-05,0.0,,~
<built-in method nt.lstat>,5.7100000000000006e-05,3,1.9033333333333336e-05,5.7100000000000006e-05,0.0,,~
<built-in method nt.mkdir>,0.0009307,4,0.000232675,0.0009307,0.0,,~
<built-in method nt.getpid>,0.00030070000000000004,310,9.700000000000002e-07,0.00030070000000000004,0.0,,~
<built-in method nt._getfullpathname>,5.1e-06,1,5.1e-06,5.1e-06,0.0,,~
<built-in method nt._path_splitroot>,1.83e-05,12,1.525e-06,1.83e-05,0.0,,~
<built-in method nt._path_normpath>,2.8100000000000002e-05,13,2.161538461538462e-06,2.8100000000000002e-05,0.0,,~
<built-in method nt.cpu_count>,4.3e-06,1,4.3e-06,4.3e-06,0.0,,~
<built-in method nt.fspath>,0.0002885,1020,2.8284313725490197e-07,0.0002885,0.0,,~
<built-in method nt._path_isdir>,0.0001911,4,4.7775e-05,0.0001911,0.0,,~
<built-in method nt._path_exists>,0.0002967,4,7.4175e-05,0.0002967,0.0,,~
<method 'acquire' of '_thread.lock' objects>,0.000173,19,9.105263157894737e-06,5.7060861,-5.7059131,,~
<method 'release' of '_thread.lock' objects>,0.0009327000000000001,316,2.9515822784810128e-06,0.0009327000000000001,0.0,,~
<method 'locked' of '_thread.lock' objects>,1.0000000000000002e-06,4,2.5000000000000004e-07,1.0000000000000002e-06,0.0,,~
<method '__enter__' of '_thread.lock' objects>,0.0004643,331,1.4027190332326283e-06,0.0004643,0.0,,~
<method '__exit__' of '_thread.lock' objects>,0.00033140000000000003,712,4.654494382022472e-07,0.00033140000000000003,0.0,,~
<method 'acquire' of '_thread.RLock' objects>,0.000286,372,7.688172043010753e-07,0.000286,0.0,,~
<method 'release' of '_thread.RLock' objects>,0.0001931,372,5.190860215053763e-07,0.0001931,0.0,,~
<method '__exit__' of '_thread.RLock' objects>,1.4700000000000002e-05,36,4.083333333333334e-07,1.4700000000000002e-05,0.0,,~
<built-in method _thread.start_new_thread>,0.0002479,5,4.958e-05,0.0002479,0.0,,~
<built-in method _thread.daemon_threads_allowed>,2.4000000000000003e-06,5,4.800000000000001e-07,2.4000000000000003e-06,0.0,,~
<built-in method _thread.allocate_lock>,0.0009194,181,5.079558011049724e-06,0.0009194,0.0,,~
<built-in method _thread.get_ident>,0.00017150000000000002,360,4.7638888888888896e-07,0.00017150000000000002,0.0,,~
<built-in method _thread.get_native_id>,2.3e-06,5,4.6e-07,2.3e-06,0.0,,~
<built-in method _thread._set_sentinel>,2.57e-05,5,5.14e-06,2.57e-05,0.0,,~
<built-in method time.time>,0.00033360000000000003,389,8.575835475578407e-07,0.00033360000000000003,0.0,,~
<built-in method time.sleep>,109.75258360000001,129,0.8507952217054264,110.55509230000001,-0.8025087000000042,,~
<built-in method time.localtime>,0.0025481,156,1.633397435897436e-05,0.0025481,0.0,,~
<built-in method time.strftime>,0.002657,156,1.7032051282051284e-05,0.002657,0.0,,~
<method 'write' of '_io.BytesIO' objects>,0.0006439000000000001,309,2.0838187702265377e-06,0.0006439000000000001,0.0,,~
<method 'getbuffer' of '_io.BytesIO' objects>,0.0005137000000000001,325,1.5806153846153847e-06,0.0005137000000000001,0.0,,~
<method 'getvalue' of '_io.BytesIO' objects>,1.1e-06,2,5.5e-07,1.1e-06,0.0,,~
<method 'read' of '_io.BufferedReader' objects>,0.0034349000000000003,9,0.0003816555555555556,0.0034349000000000003,0.0,,~
<method '__exit__' of '_io._IOBase' objects>,0.0005368,21,2.5561904761904765e-05,0.0005368,0.0,,~
<method 'write' of '_io.TextIOWrapper' objects>,0.0401146,198,0.00020259898989898991,0.038311000000000005,0.0018035999999999955,,~
<method 'flush' of '_io.TextIOWrapper' objects>,0.0029627,198,1.4963131313131313e-05,0.0029627,0.0,,~
<method 'close' of '_io.TextIOWrapper' objects>,9.6e-05,1,9.6e-05,9.6e-05,0.0,,~
<built-in method _io.open>,0.0012803,14,9.145e-05,0.0012776,2.7000000000000114e-06,,~
<built-in method _io.text_encoding>,5.000000000000001e-07,1,5.000000000000001e-07,5.000000000000001e-07,0.0,,~
<built-in method _io.open_code>,0.0029556,9,0.0003284,0.0029556,0.0,,~
<method 'GetOverlappedResult' of '_winapi.Overlapped' objects>,0.0046546,899,5.177530589543938e-06,0.0045984,5.6200000000000173e-05,,~
<method 'getbuffer' of '_winapi.Overlapped' objects>,0.00015360000000000002,309,4.970873786407767e-07,0.00015360000000000002,0.0,,~
<method 'cancel' of '_winapi.Overlapped' objects>,0.0068682000000000005,439,1.5645102505694762e-05,0.0068682000000000005,0.0,,~
<built-in method _winapi.CloseHandle>,0.0009562,90,1.0624444444444445e-05,0.0009562,0.0,,~
<built-in method _winapi.ConnectNamedPipe>,1.9e-05,3,6.333333333333333e-06,1.9e-05,0.0,,~
<built-in method _winapi.CreateFile>,1.63e-05,3,5.4333333333333335e-06,1.63e-05,0.0,,~
<built-in method _winapi.CreateNamedPipe>,4.8200000000000006e-05,3,1.606666666666667e-05,4.8200000000000006e-05,0.0,,~
<built-in method _winapi.CreatePipe>,0.0003155,12,2.6291666666666668e-05,0.0003155,0.0,,~
<built-in method _winapi.CreateProcess>,0.059349000000000006,12,0.0049457500000000005,0.059349000000000006,0.0,,~
<built-in method _winapi.DuplicateHandle>,0.0001381,72,1.9180555555555555e-06,0.0001381,0.0,,~
<built-in method _winapi.GetCurrentProcess>,2.5e-05,72,3.4722222222222224e-07,2.5e-05,0.0,,~
<built-in method _winapi.GetExitCodeProcess>,4.8200000000000006e-05,12,4.0166666666666675e-06,4.8200000000000006e-05,0.0,,~
<built-in method _winapi.OpenProcess>,0.00021730000000000002,48,4.5270833333333335e-06,0.00021730000000000002,0.0,,~
<built-in method _winapi.PeekNamedPipe>,0.0415147,282,0.00014721524822695035,0.0039656000000000005,0.0375491,,~
<built-in method _winapi.LCMapStringEx>,0.0020146,468,4.304700854700855e-06,0.0020146,0.0,,~
<built-in method _winapi.ReadFile>,0.0065034,738,8.81219512195122e-06,0.0066917,-0.00018829999999999975,,~
<built-in method _winapi.SetNamedPipeHandleState>,8.000000000000001e-06,3,2.6666666666666673e-06,8.000000000000001e-06,0.0,,~
<built-in method _winapi.WaitForMultipleObjects>,0.0025973000000000003,231,1.1243722943722945e-05,10.550810400000001,-10.548213100000002,,~
<built-in method _winapi.WaitForSingleObject>,0.1880985,1854,0.00010145550161812297,0.1880985,0.0,,~
<built-in method _winapi.WriteFile>,127.54954420000001,171,0.7459037672514621,0.0016274000000000002,127.54791680000001,,~
<method 'setter' of 'property' objects>,9.000000000000001e-07,2,4.5000000000000003e-07,9.000000000000001e-07,0.0,,~
<method 'get' of 'mappingproxy' objects>,1.1e-06,2,5.5e-07,1.1e-06,0.0,,~
<method 'get' of 'dict' objects>,0.0006197,684,9.059941520467837e-07,0.0006197,0.0,,~
<method 'pop' of 'dict' objects>,6e-06,12,5e-07,6e-06,0.0,,~
<method 'keys' of 'dict' objects>,0.0005451000000000001,1185,4.6000000000000004e-07,0.0005451000000000001,0.0,,~
<method 'items' of 'dict' objects>,0.0002008,155,1.295483870967742e-06,0.0002008,0.0,,~
<method 'values' of 'dict' objects>,0.0001372,256,5.359375e-07,0.0001372,0.0,,~
<method 'update' of 'dict' objects>,0.000554,247,2.2429149797570852e-06,0.000554,0.0,,~
<method 'clear' of 'dict' objects>,4.5e-06,12,3.75e-07,4.5e-06,0.0,,~
<method 'copy' of 'dict' objects>,0.0001854,207,8.956521739130435e-07,0.0001854,0.0,,~
<method 'copy' of 'list' objects>,8.6e-06,12,7.166666666666668e-07,8.6e-06,0.0,,~
<method 'append' of 'list' objects>,0.0057264,17165,3.336090882609962e-07,0.0057264,0.0,,~
<method 'extend' of 'list' objects>,7.5e-06,3,2.5e-06,5.500000000000001e-06,1.9999999999999995e-06,,~
<method 'pop' of 'list' objects>,5.72e-05,70,8.171428571428572e-07,5.72e-05,0.0,,~
<method 'remove' of 'list' objects>,4.000000000000001e-06,11,3.636363636363637e-07,4.000000000000001e-06,0.0,,~
<method 'index' of 'list' objects>,2.8000000000000003e-05,12,2.3333333333333336e-06,2.8000000000000003e-05,0.0,,~
<method 'reverse' of 'list' objects>,8.000000000000001e-07,1,8.000000000000001e-07,8.000000000000001e-07,0.0,,~
<built-in method from_bytes>,8.200000000000001e-06,27,3.0370370370370374e-07,8.200000000000001e-06,0.0,,~
<method 'add' of 'set' objects>,0.0009162,260,3.5238461538461542e-06,0.0008586,5.759999999999999e-05,,~
<method 'discard' of 'set' objects>,2.97e-05,40,7.425e-07,2.97e-05,0.0,,~
<method 'difference' of 'set' objects>,5.9e-06,1,5.9e-06,5.9e-06,0.0,,~
<method 'remove' of 'set' objects>,3.24e-05,51,6.352941176470589e-07,2.7700000000000002e-05,4.699999999999999e-06,,~
<method 'update' of 'set' objects>,0.0010707000000000002,298,3.592953020134229e-06,0.0008815,0.00018920000000000015,,~
<method 'encode' of 'str' objects>,1.9e-06,1,1.9e-06,1.9e-06,0.0,,~
<method 'replace' of 'str' objects>,0.0005235,689,7.597968069666183e-07,0.0005235,0.0,,~
<method 'split' of 'str' objects>,9.7e-06,10,9.7e-07,9.7e-06,0.0,,~
<method 'join' of 'str' objects>,0.001961,263,7.456273764258555e-06,0.0018626,9.84e-05,,~
<method 'find' of 'str' objects>,0.00023,163,1.411042944785276e-06,0.00023,0.0,,~
<method 'partition' of 'str' objects>,3.1000000000000004e-06,7,4.428571428571429e-07,3.1000000000000004e-06,0.0,,~
<method 'lower' of 'str' objects>,8.3e-06,25,3.32e-07,8.3e-06,0.0,,~
<method 'lstrip' of 'str' objects>,9.000000000000001e-07,1,9.000000000000001e-07,9.000000000000001e-07,0.0,,~
<method 'rfind' of 'str' objects>,0.000496,505,9.821782178217822e-07,0.000496,0.0,,~
<method 'rstrip' of 'str' objects>,0.0002597,406,6.396551724137932e-07,0.0002597,0.0,,~
<method 'rpartition' of 'str' objects>,6.42e-05,128,5.015625e-07,6.42e-05,0.0,,~
<method 'strip' of 'str' objects>,5.000000000000001e-07,1,5.000000000000001e-07,5.000000000000001e-07,0.0,,~
<method 'upper' of 'str' objects>,3.6000000000000003e-06,8,4.5000000000000003e-07,3.6000000000000003e-06,0.0,,~
<method 'startswith' of 'str' objects>,9.5e-05,219,4.3378995433789956e-07,9.5e-05,0.0,,~
<method 'endswith' of 'str' objects>,8.010000000000001e-05,294,2.724489795918368e-07,8.010000000000001e-05,0.0,,~
<method 'isascii' of 'str' objects>,5.000000000000001e-07,1,5.000000000000001e-07,5.000000000000001e-07,0.0,,~
<method 'isalpha' of 'str' objects>,8.000000000000001e-07,1,8.000000000000001e-07,8.000000000000001e-07,0.0,,~
<method 'format' of 'str' objects>,0.0007968000000000001,82,9.717073170731708e-06,0.00044290000000000003,0.00035390000000000004,,~
<built-in method msvcrt.open_osfhandle>,2.82e-05,12,2.35e-06,2.82e-05,0.0,,~
<built-in method builtins.__build_class__>,0.0005208000000000001,34,1.531764705882353e-05,0.0004043,0.00011650000000000007,,~
<built-in method builtins.__import__>,0.0020309,2,0.00101545,5.500000000000001e-06,0.0020254,,~
<built-in method builtins.abs>,3.44e-05,42,8.190476190476191e-07,3.44e-05,0.0,,~
<built-in method builtins.all>,2.7e-06,1,2.7e-06,1.7e-06,1e-06,,~
<built-in method builtins.any>,2.7e-06,1,2.7e-06,1.6000000000000001e-06,1.0999999999999998e-06,,~
<built-in method builtins.callable>,6.900000000000001e-06,18,3.833333333333334e-07,6.900000000000001e-06,0.0,,~
<built-in method builtins.divmod>,9.460000000000001e-05,198,4.777777777777778e-07,9.460000000000001e-05,0.0,,~
<built-in method builtins.exec>,0.0079336,6,0.0013222666666666669,3.99e-05,0.0078937,,~
<built-in method builtins.getattr>,0.007335400000000001,20987,3.4952113212941345e-07,0.0073254,1.000000000000046e-05,,~
<built-in method builtins.hasattr>,0.0031810000000000002,2311,1.3764604067503247e-06,0.0017408,0.0014402000000000002,,~
<built-in method builtins.hash>,2.9e-06,7,4.1428571428571433e-07,2.9e-06,0.0,,~
<built-in method builtins.id>,2.01e-05,26,7.730769230769231e-07,2.01e-05,0.0,,~
<built-in method builtins.isinstance>,0.0018815000000000001,2257,8.336287106778911e-07,0.0010860000000000002,0.0007955,,~
<built-in method builtins.issubclass>,6.7e-06,23,2.9130434782608695e-07,6.7e-06,0.0,,~
<built-in method builtins.iter>,7.000000000000001e-07,1,7.000000000000001e-07,7.000000000000001e-07,0.0,,~
<built-in method builtins.len>,0.0012323,1862,6.618152524167562e-07,0.0012134000000000001,1.8899999999999863e-05,,~
<built-in method builtins.locals>,3.7e-06,2,1.85e-06,3.7e-06,0.0,,~
<built-in method builtins.max>,0.007001200000000001,10357,6.759872549966208e-07,0.006967500000000001,3.370000000000022e-05,,~
<built-in method builtins.min>,3.3e-06,2,1.65e-06,3.3e-06,0.0,,~
<built-in method builtins.next>,0.0001589,36,4.41388888888889e-06,2.26e-05,0.0001363,,~
<built-in method builtins.ord>,0.00014670000000000002,840,1.7464285714285716e-07,0.00014670000000000002,0.0,,~
<built-in method builtins.round>,0.0064064000000000005,1778,3.6031496062992127e-06,0.0064064000000000005,0.0,,~
<built-in method builtins.setattr>,9.3e-06,11,8.454545454545455e-07,9.3e-06,0.0,,~
<built-in method builtins.sum>,0.013775200000000001,5843,2.3575560499743287e-06,0.0057659,0.0080093,,~
<built-in method _imp.acquire_lock>,1.32e-05,66,2.0000000000000002e-07,1.32e-05,0.0,,~
<built-in method _imp.release_lock>,1.22e-05,66,1.8484848484848484e-07,1.22e-05,0.0,,~
<built-in method _imp.find_frozen>,8.000000000000001e-06,11,7.272727272727274e-07,8.000000000000001e-06,0.0,,~
<built-in method _imp.is_builtin>,2.32e-05,11,2.1090909090909093e-06,2.32e-05,0.0,,~
<built-in method _imp.create_dynamic>,0.0030743000000000003,2,0.0015371500000000001,0.0030743000000000003,0.0,,~
<built-in method _imp.exec_dynamic>,1.83e-05,2,9.15e-06,1.83e-05,0.0,,~
<built-in method _imp._fix_co_filename>,1.1700000000000001e-05,9,1.3000000000000003e-06,1.1700000000000001e-05,0.0,,~
<built-in method marshal.loads>,0.0013759,9,0.00015287777777777778,0.0013759,0.0,,~
<built-in method sys.audit>,5.000000000000001e-07,1,5.000000000000001e-07,5.000000000000001e-07,0.0,,~
<built-in method sys._getframe>,0.00018030000000000002,156,1.1557692307692308e-06,0.00018030000000000002,0.0,,~
<built-in method sys.getwindowsversion>,0.0010695000000000001,7,0.0001527857142857143,0.0010695000000000001,0.0,,~
<built-in method sys.intern>,1.4400000000000001e-05,12,1.2000000000000002e-06,1.4400000000000001e-05,0.0,,~
_path_split,9.410000000000001e-05,18,5.227777777777778e-06,3.35e-05,6.060000000000001e-05,,<frozen importlib._bootstrap_external>
_gcd_import,0.0060897,1,0.0060897,3.3e-06,0.0060864,,<frozen importlib._bootstrap>
module_from_spec,0.0034887000000000004,11,0.0003171545454545455,3.6400000000000004e-05,0.0034523000000000006,,<frozen importlib._bootstrap>
makedirs,0.0015218,4,0.00038045,4.2000000000000004e-05,0.0014798,,<frozen os>
cache_from_source,0.00038070000000000004,18,2.1150000000000002e-05,6.94e-05,0.00031130000000000003,,<frozen importlib._bootstrap_external>
__init__,5e-06,11,4.5454545454545457e-07,5e-06,0.0,,<frozen importlib._bootstrap>
__subclasshook__,1.8000000000000001e-06,1,1.8000000000000001e-06,9.000000000000001e-07,9.000000000000001e-07,,<frozen _collections_abc>
__subclasshook__,1.15e-05,42,2.738095238095238e-07,1.15e-05,0.0,,<frozen _collections_abc>
has_location,1.3e-06,11,1.1818181818181818e-07,1.3e-06,0.0,,<frozen importlib._bootstrap>
cached,0.00026660000000000003,20,1.3330000000000001e-05,1.23e-05,0.00025430000000000006,,<frozen importlib._bootstrap>
_get_spec,0.0033206000000000004,11,0.0003018727272727273,3.6400000000000004e-05,0.0032842000000000006,,<frozen importlib._bootstrap_external>
path_stats,0.0003501,9,3.89e-05,1.34e-05,0.0003367,,<frozen importlib._bootstrap_external>
get_filename,1.1e-06,9,1.2222222222222222e-07,1.1e-06,0.0,,<frozen importlib._bootstrap_external>
__init__,2.4000000000000003e-06,9,2.666666666666667e-07,2.4000000000000003e-06,0.0,,<frozen importlib._bootstrap_external>
split,0.0035254,166,2.1237349397590362e-05,0.0020012000000000003,0.0015241999999999999,,<frozen ntpath>
_sanity_check,8.000000000000001e-07,1,8.000000000000001e-07,6.000000000000001e-07,2e-07,,<frozen importlib._bootstrap>
__init__,0.0002655,11,2.4136363636363636e-05,0.0002527,1.2799999999999986e-05,,<frozen importlib._bootstrap>
_get_spec,0.00015130000000000002,11,1.3754545454545455e-05,3.24e-05,0.00011890000000000002,,<frozen importlib._bootstrap_external>
_splitext,0.0012617000000000001,156,8.087820512820513e-06,0.0005461,0.0007156000000000002,,<frozen genericpath>
_handle_fromlist,0.0020725,16,0.00012953125,2.68e-05,0.0020457,,<frozen importlib._bootstrap>
_path_hooks,0.0001509,1,0.0001509,1.02e-05,0.0001407,,<frozen importlib._bootstrap_external>
create_module,9.000000000000001e-07,9,1.0000000000000001e-07,9.000000000000001e-07,0.0,,<frozen importlib._bootstrap_external>
__subclasshook__,3.6000000000000003e-06,1,3.6000000000000003e-06,1.1e-06,2.5e-06,,<frozen _collections_abc>
dirname,2.46e-05,1,2.46e-05,1.7e-06,2.29e-05,,<frozen ntpath>
_validate_timestamp_pyc,3.35e-05,9,3.7222222222222225e-06,1.63e-05,1.72e-05,,<frozen importlib._bootstrap_external>
_find_and_load,0.0178197,6,0.0029699500000000003,0.0001005,0.0177192,,<frozen importlib._bootstrap>
_path_abspath,7.400000000000001e-05,12,6.166666666666667e-06,6.4000000000000006e-06,6.76e-05,,<frozen importlib._bootstrap_external>
__init__,2.7e-06,2,1.35e-06,2.7e-06,0.0,,<frozen codecs>
_path_isabs,6.76e-05,12,5.633333333333333e-06,2.83e-05,3.9300000000000007e-05,,<frozen importlib._bootstrap_external>
find_spec,0.0031143000000000004,16,0.00019464375000000003,0.0001808,0.0029335000000000003,,<frozen importlib._bootstrap_external>
_get_bothseps,0.00032980000000000005,166,1.9867469879518074e-06,0.00026000000000000003,6.980000000000002e-05,,<frozen ntpath>
_path_join,0.0006891,74,9.312162162162162e-06,0.00045500000000000006,0.00023409999999999994,,<frozen importlib._bootstrap_external>
__enter__,1.62e-05,44,3.681818181818182e-07,1.02e-05,6e-06,,<frozen importlib._bootstrap>
_check_methods,1.69e-05,5,3.3800000000000002e-06,1.69e-05,0.0,,<frozen _collections_abc>
parent,0.00011520000000000001,76,1.5157894736842105e-06,6.96e-05,4.560000000000001e-05,,<frozen importlib._bootstrap>
setdefault,7.780000000000001e-05,11,7.072727272727273e-06,3.57e-05,4.210000000000001e-05,,<frozen importlib._bootstrap>
_classify_pyc,5.14e-05,9,5.711111111111112e-06,2.7400000000000002e-05,2.4e-05,,<frozen importlib._bootstrap_external>
__subclasshook__,5.9e-06,1,5.9e-06,2.7e-06,3.2000000000000003e-06,,<frozen _collections_abc>
__enter__,0.0001026,11,9.327272727272727e-06,2.09e-05,8.170000000000001e-05,,<frozen importlib._bootstrap>
join,6.0700000000000005e-05,5,1.214e-05,2.51e-05,3.5600000000000005e-05,,<frozen ntpath>
_call_with_frames_removed,0.0079478,12,0.0006623166666666667,2.39e-05,0.0079239,,<frozen importlib._bootstrap>
__enter__,0.0005535000000000001,11,5.031818181818182e-05,1.6800000000000002e-05,0.0005367000000000001,,<frozen importlib._bootstrap>
__getitem__,9.100000000000001e-06,1,9.100000000000001e-06,5.500000000000001e-06,3.6000000000000003e-06,,<frozen os>
splitext,0.0018092000000000002,156,1.1597435897435898e-05,0.00047040000000000005,0.0013388000000000002,,<frozen ntpath>
_path_isdir,4.2600000000000005e-05,1,4.2600000000000005e-05,1.4000000000000001e-06,4.1200000000000005e-05,,<frozen importlib._bootstrap_external>
find_spec,2.97e-05,11,2.7e-06,6.5000000000000004e-06,2.32e-05,,<frozen importlib._bootstrap>
get_code,0.0087979,9,0.0009775444444444445,0.0001227,0.008675200000000001,,<frozen importlib._bootstrap_external>
__subclasshook__,1.0700000000000001e-05,5,2.1400000000000003e-06,4.7e-06,6.000000000000001e-06,,<frozen _collections_abc>
__init__,1.8000000000000001e-06,11,1.6363636363636364e-07,1.8000000000000001e-06,0.0,,<frozen importlib._bootstrap>
exec_module,2.72e-05,2,1.36e-05,4.5e-06,2.27e-05,,<frozen importlib._bootstrap_external>
basename,0.0037928000000000003,161,2.3557763975155282e-05,0.00035160000000000004,0.0034412,,<frozen ntpath>
_get_cached,0.0002543,11,2.311818181818182e-05,2.0300000000000002e-05,0.000234,,<frozen importlib._bootstrap_external>
_get_module_lock,0.00032700000000000003,11,2.972727272727273e-05,5.4600000000000006e-05,0.0002724,,<frozen importlib._bootstrap>
_find_and_load_unlocked,0.0175235,6,0.0029205833333333336,5.53e-05,0.0174682,,<frozen importlib._bootstrap>
_new_module,1.1000000000000001e-05,9,1.2222222222222223e-06,1.1000000000000001e-05,0.0,,<frozen importlib._bootstrap>
fsdecode,1.5e-06,1,1.5e-06,1.0000000000000002e-06,4.999999999999999e-07,,<frozen os>
__exit__,1.15e-05,11,1.0454545454545454e-06,7.5e-06,4e-06,,<frozen importlib._bootstrap>
path_hook_for_FileFinder,7.230000000000001e-05,1,7.230000000000001e-05,5.600000000000001e-06,6.670000000000001e-05,,<frozen importlib._bootstrap_external>
find_spec,0.0033331000000000003,11,0.00030300909090909094,1.25e-05,0.0033206000000000004,,<frozen importlib._bootstrap_external>
spec_from_file_location,0.0001161,11,1.0554545454545456e-05,4.2000000000000004e-05,7.41e-05,,<frozen importlib._bootstrap_external>
__init__,1.59e-05,11,1.4454545454545456e-06,1.59e-05,0.0,,<frozen importlib._bootstrap>
_verbose_message,2.89e-05,85,3.4000000000000003e-07,2.89e-05,0.0,,<frozen importlib._bootstrap>
get,1.2600000000000001e-05,1,1.2600000000000001e-05,3.5000000000000004e-06,9.100000000000001e-06,,<frozen _collections_abc>
isabs,7.97e-05,12,6.641666666666667e-06,4.3400000000000005e-05,3.6299999999999995e-05,,<frozen ntpath>
find_spec,2.4200000000000002e-05,11,2.2e-06,1.02e-05,1.4000000000000001e-05,,<frozen importlib._bootstrap>
_path_isfile,0.0014113,13,0.00010856153846153847,1.32e-05,0.0013981,,<frozen importlib._bootstrap_external>
__new__,2.6200000000000003e-05,11,2.381818181818182e-06,1.9e-05,7.200000000000002e-06,,<frozen importlib._bootstrap>
_compile_bytecode,0.0014140000000000001,9,0.00015711111111111112,2.1700000000000002e-05,0.0013923000000000002,,<frozen importlib._bootstrap_external>
acquire,0.0002097,11,1.9063636363636364e-05,6.670000000000001e-05,0.000143,,<frozen importlib._bootstrap>
_path_importer_cache,0.00016700000000000002,18,9.277777777777778e-06,1.6100000000000002e-05,0.0001509,,<frozen importlib._bootstrap_external>
abspath,1.1400000000000001e-05,1,1.1400000000000001e-05,4.2000000000000004e-06,7.2000000000000005e-06,,<frozen ntpath>
exec_module,0.015163800000000002,6,0.0025273,3.12e-05,0.015132600000000001,,<frozen importlib._bootstrap_external>
__init__,3e-06,11,2.7272727272727274e-07,3e-06,0.0,,<frozen importlib._bootstrap>
_relax_case,1.39e-05,16,8.6875e-07,1.39e-05,0.0,,<frozen importlib._bootstrap_external>
__init__,6.840000000000001e-05,1,6.840000000000001e-05,7.2000000000000005e-06,6.120000000000001e-05,,<frozen zipimport>
_init_module_attrs,0.0003461,11,3.146363636363637e-05,4.58e-05,0.0003003,,<frozen importlib._bootstrap>
_check_name_wrapper,1.45e-05,9,1.6111111111111111e-06,1.34e-05,1.0999999999999996e-06,,<frozen importlib._bootstrap_external>
expanduser,9.600000000000001e-06,3,3.2000000000000003e-06,4.800000000000001e-06,4.800000000000001e-06,,<frozen ntpath>
_find_spec,0.0035706,11,0.00032460000000000003,0.00011140000000000001,0.0034592,,<frozen importlib._bootstrap>
__exit__,5.7100000000000006e-05,11,5.190909090909091e-06,8.5e-06,4.86e-05,,<frozen importlib._bootstrap>
__init__,4.0000000000000003e-07,2,2.0000000000000002e-07,4.0000000000000003e-07,0.0,,<frozen importlib._bootstrap_external>
__init__,2.4100000000000003e-05,1,2.4100000000000003e-05,8.900000000000001e-06,1.5200000000000002e-05,,<frozen importlib._bootstrap_external>
__subclasshook__,1.7e-06,11,1.5454545454545456e-07,1.7e-06,0.0,,<frozen _collections_abc>
check_str,9.000000000000001e-07,1,9.000000000000001e-07,7.000000000000001e-07,2e-07,,<frozen os>
__subclasscheck__,0.0005781,17,3.400588235294118e-05,3.6e-05,0.0005421,,<frozen abc>
normcase,0.0039992000000000005,468,8.545299145299146e-06,0.0010902000000000002,0.002909,,<frozen ntpath>
_path_is_mode_type,0.0014393000000000001,14,0.00010280714285714287,2.46e-05,0.0014147,,<frozen importlib._bootstrap_external>
<genexpr>,2.0000000000000003e-06,8,2.5000000000000004e-07,2.0000000000000003e-06,0.0,,<frozen importlib._bootstrap_external>
remove,1.9e-05,11,1.7272727272727273e-06,1.25e-05,6.5000000000000004e-06,,<frozen importlib._bootstrap>
release,4.86e-05,11,4.418181818181818e-06,3.3100000000000005e-05,1.5499999999999997e-05,,<frozen importlib._bootstrap>
splitroot,0.0009324,177,5.267796610169491e-06,0.0007624000000000001,0.0001699999999999999,,<frozen ntpath>
_path_stat,0.0025366,40,6.3415e-05,2.71e-05,0.0025095,,<frozen importlib._bootstrap_external>
_unpack_uint32,3.7300000000000005e-05,27,1.3814814814814818e-06,2.58e-05,1.1500000000000005e-05,,<frozen importlib._bootstrap_external>
__instancecheck__,0.0006835000000000001,36,1.8986111111111113e-05,2.0700000000000002e-05,0.0006628000000000001,,<frozen abc>
_load_unlocked,0.015437800000000002,6,0.002572966666666667,4.6500000000000005e-05,0.015391300000000002,,<frozen importlib._bootstrap>
<genexpr>,3.1100000000000004e-05,54,5.75925925925926e-07,1.72e-05,1.3900000000000002e-05,,<frozen importlib._bootstrap_external>
get_data,0.0066522000000000005,9,0.0007391333333333334,4.8200000000000006e-05,0.0066040000000000005,,<frozen importlib._bootstrap_external>
_fill_cache,0.00012770000000000001,1,0.00012770000000000001,1.9900000000000003e-05,0.00010780000000000002,,<frozen importlib._bootstrap_external>
create_module,0.0030912,2,0.0015456,9.100000000000001e-06,0.0030821,,<frozen importlib._bootstrap_external>
__subclasshook__,6.8e-06,1,6.8e-06,2.5e-06,4.2999999999999995e-06,,<frozen os>
encodekey,3.6000000000000003e-06,1,3.6000000000000003e-06,2.3e-06,1.3000000000000003e-06,,<frozen os>
cb,2.05e-05,11,1.8636363636363637e-06,1.2100000000000001e-05,8.4e-06,,<frozen importlib._bootstrap>
__exit__,2.0300000000000002e-05,44,4.6136363636363644e-07,1.27e-05,7.600000000000002e-06,,<frozen importlib._bootstrap>
<built-in method __new__ of type object at 0x00007FF97F106A20>,0.0022661,3855,5.87833981841764e-07,0.0022661,0.0,,~
<built-in method _asyncio.current_task>,0.0005812,156,3.7256410256410257e-06,0.0005812,0.0,,~
<built-in method MetaTrader5._core.initialize>,0.10867230000000001,1,0.10867230000000001,0.10867230000000001,0.0,,~
<built-in method MetaTrader5._core.shutdown>,8.8e-06,1,8.8e-06,8.8e-06,0.0,,~
<built-in method MetaTrader5._core.symbols_get>,0.0055849,1,0.0055849,0.0055849,0.0,,~
<method 'acquire' of '_multiprocessing.SemLock' objects>,0.00020240000000000001,55,3.6800000000000003e-06,0.00020240000000000001,0.0,,~
<method 'release' of '_multiprocessing.SemLock' objects>,0.0001269,54,2.35e-06,0.0001269,0.0,,~
<method '__enter__' of '_multiprocessing.SemLock' objects>,2.1000000000000002e-06,2,1.0500000000000001e-06,2.1000000000000002e-06,0.0,,~
<method '__exit__' of '_multiprocessing.SemLock' objects>,1.7e-06,2,8.5e-07,1.7e-06,0.0,,~
<method '__exit__' of 'zstd.ZstdDecompressionReader' objects>,6.7e-06,1,6.7e-06,6.7e-06,0.0,,~
<method 'stream_reader' of 'zstd.ZstdDecompressor' objects>,5e-06,1,5e-06,5e-06,0.0,,~
<method 'put' of '_queue.SimpleQueue' objects>,1.4000000000000001e-05,2,7.000000000000001e-06,1.4000000000000001e-05,0.0,,~
<built-in method unicodedata.east_asian_width>,0.0036281000000000004,12400,2.925887096774194e-07,0.0036281000000000004,0.0,,~
<built-in method psutil_windows.proc_times>,0.0001699,10,1.699e-05,0.0001699,0.0,,~
<built-in method psutil_windows.proc_memory_info>,6.93e-05,10,6.9300000000000006e-06,6.93e-05,0.0,,~
<built-in method psutil_windows.virtual_mem>,0.0008757000000000001,127,6.895275590551182e-06,0.0008757000000000001,0.0,,~
<built-in method psutil_windows.cpu_times>,0.7319487,127,0.005763375590551181,0.7319487,0.0,,~
<built-in method psutil_windows.per_cpu_times>,0.7696368,254,0.0030300661417322836,0.7696368,0.0,,~
<built-in method psutil_windows.net_io_counters>,0.9198993000000001,128,0.007186713281250001,0.9198993000000001,0.0,,~
<built-in method psutil_windows.disk_io_counters>,0.018893700000000003,127,0.0001487692913385827,0.018893700000000003,0.0,,~
