ASSETS_NAME,MARKET_ID,METADATA_ID,IS_ACTIVE,CREATED_AT,UPDATED_AT,ASSETS_ID
AUDCAD,0,1,Y,2024-12-30 21:41:28.941030,2024-12-30 21:41:28.942034,0
AUDCHF,0,1,Y,2024-12-30 21:41:28.941030,2024-12-30 21:41:28.942034,1
AUDJPY,0,1,Y,2024-12-30 21:41:28.941030,2024-12-30 21:41:28.942034,2
AUDNZD,0,1,Y,2024-12-30 21:41:28.941030,2024-12-30 21:41:28.942034,3
AUDUSD,0,0,Y,2024-12-30 21:41:28.941030,2024-12-30 21:41:28.942034,4
CADCHF,0,1,Y,2024-12-30 21:41:28.941030,2024-12-30 21:41:28.942034,5
CADJPY,0,1,Y,2024-12-30 21:41:28.941030,2024-12-30 21:41:28.942034,6
CHFJPY,0,1,Y,2024-12-30 21:41:28.941030,2024-12-30 21:41:28.942034,7
EURAUD,0,1,Y,2024-12-30 21:41:28.941030,2024-12-30 21:41:28.942034,8
EURCAD,0,1,Y,2024-12-30 21:41:28.941030,2024-12-30 21:41:28.942034,9
EURCHF,0,1,Y,2024-12-30 21:41:28.941030,2024-12-30 21:41:28.942034,10
EURGBP,0,1,Y,2024-12-30 21:41:28.941030,2024-12-30 21:41:28.942034,11
EURJPY,0,1,Y,2024-12-30 21:41:28.941030,2024-12-30 21:41:28.942034,12
EURMXN,0,1,Y,2024-12-30 21:41:28.941030,2024-12-30 21:41:28.942034,13
EURNOK,0,1,Y,2024-12-30 21:41:28.941030,2024-12-30 21:41:28.942034,14
EURNZD,0,1,Y,2024-12-30 21:41:28.941030,2024-12-30 21:41:28.942034,15
EURSEK,0,1,Y,2024-12-30 21:41:28.941030,2024-12-30 21:41:28.942034,16
EURTRY,0,1,Y,2024-12-30 21:41:28.941030,2024-12-30 21:41:28.942034,17
EURUSD,0,0,Y,2024-12-30 21:41:28.941030,2024-12-30 21:41:28.942034,18
GBPAUD,0,1,Y,2024-12-30 21:41:28.941030,2024-12-30 21:41:28.942034,19
GBPCAD,0,1,Y,2024-12-30 21:41:28.941030,2024-12-30 21:41:28.942034,20
GBPCHF,0,1,Y,2024-12-30 21:41:28.941030,2024-12-30 21:41:28.942034,21
GBPJPY,0,1,Y,2024-12-30 21:41:28.941030,2024-12-30 21:41:28.942034,22
GBPMXN,0,1,Y,2024-12-30 21:41:28.941030,2024-12-30 21:41:28.942034,23
GBPNOK,0,1,Y,2024-12-30 21:41:28.941030,2024-12-30 21:41:28.942034,24
GBPNZD,0,1,Y,2024-12-30 21:41:28.941030,2024-12-30 21:41:28.942034,25
GBPSEK,0,1,Y,2024-12-30 21:41:28.941030,2024-12-30 21:41:28.942034,26
GBPTRY,0,1,Y,2024-12-30 21:41:28.941030,2024-12-30 21:41:28.942034,27
GBPUSD,0,0,Y,2024-12-30 21:41:28.941030,2024-12-30 21:41:28.942034,28
NZDCAD,0,1,Y,2024-12-30 21:41:28.941030,2024-12-30 21:41:28.942034,29
NZDCHF,0,1,Y,2024-12-30 21:41:28.941030,2024-12-30 21:41:28.942034,30
NZDJPY,0,1,Y,2024-12-30 21:41:28.941030,2024-12-30 21:41:28.942034,31
NZDUSD,0,0,Y,2024-12-30 21:41:28.941030,2024-12-30 21:41:28.942034,32
USDCAD,0,0,Y,2024-12-30 21:41:28.941030,2024-12-30 21:41:28.942034,33
USDCHF,0,0,Y,2024-12-30 21:41:28.941030,2024-12-30 21:41:28.942034,34
USDJPY,0,0,Y,2024-12-30 21:41:28.941030,2024-12-30 21:41:28.942034,35
USDMXN,0,1,Y,2024-12-30 21:41:28.941030,2024-12-30 21:41:28.942034,36
USDNOK,0,1,Y,2024-12-30 21:41:28.941030,2024-12-30 21:41:28.942034,37
USDSEK,0,1,Y,2024-12-30 21:41:28.941030,2024-12-30 21:41:28.942034,38
USDSGD,0,1,Y,2024-12-30 21:41:28.941030,2024-12-30 21:41:28.942034,39
USDTRY,0,1,Y,2024-12-30 21:41:28.941030,2024-12-30 21:41:28.942034,40
AUS200,2,7,Y,2024-12-30 21:41:28.943125,2024-12-30 21:41:28.944129,41
FCHI40,2,8,Y,2024-12-30 21:41:28.943125,2024-12-30 21:41:28.944129,42
NDX,2,6,Y,2024-12-30 21:41:28.943125,2024-12-30 21:41:28.944129,43
STOXX50E,2,8,Y,2024-12-30 21:41:28.943125,2024-12-30 21:41:28.944129,44
UK100,2,8,Y,2024-12-30 21:41:28.943125,2024-12-30 21:41:28.944129,45
WS30,2,6,Y,2024-12-30 21:41:28.943125,2024-12-30 21:41:28.944129,46
GDAXI,2,8,Y,2024-12-30 21:41:28.943125,2024-12-30 21:41:28.944129,47
SPA35,2,8,Y,2024-12-30 21:41:28.943125,2024-12-30 21:41:28.944129,48
NI225,2,7,Y,2024-12-30 21:41:28.943125,2024-12-30 21:41:28.944129,49
SP500,2,6,Y,2024-12-30 21:41:28.943125,2024-12-30 21:41:28.944129,50
A,4,29,Y,2024-12-30 21:41:28.944129,2024-12-30 21:41:28.944129,51
AA,4,29,Y,2024-12-30 21:41:28.944129,2024-12-30 21:41:28.944129,52
AAP,4,29,Y,2024-12-30 21:41:28.944129,2024-12-30 21:41:28.944129,53
ABBV,4,29,Y,2024-12-30 21:41:28.944129,2024-12-30 21:41:28.944129,54
AAL,4,29,Y,2024-12-30 21:41:28.944129,2024-12-30 21:41:28.944129,55
ACHC,4,29,Y,2024-12-30 21:41:28.944129,2024-12-30 21:41:28.944129,56
ABT,4,29,Y,2024-12-30 21:41:28.944129,2024-12-30 21:41:28.944129,57
ACM,4,29,Y,2024-12-30 21:41:28.944129,2024-12-30 21:41:28.944129,58
ACN,4,29,Y,2024-12-30 21:41:28.944129,2024-12-30 21:41:28.944129,59
ADM,4,29,Y,2024-12-30 21:41:28.944129,2024-12-30 21:41:28.944129,60
AEP,4,29,Y,2024-12-30 21:41:28.944129,2024-12-30 21:41:28.944129,61
AES,4,29,Y,2024-12-30 21:41:28.944129,2024-12-30 21:41:28.944129,62
AFG,4,29,Y,2024-12-30 21:41:28.944129,2024-12-30 21:41:28.944129,63
AFL,4,29,Y,2024-12-30 21:41:28.944129,2024-12-30 21:41:28.944129,64
AGCO,4,29,Y,2024-12-30 21:41:28.944129,2024-12-30 21:41:28.944129,65
AIG,4,29,Y,2024-12-30 21:41:28.944129,2024-12-30 21:41:28.944129,66
AIZ,4,29,Y,2024-12-30 21:41:28.944129,2024-12-30 21:41:28.944129,67
AJG,4,29,Y,2024-12-30 21:41:28.944129,2024-12-30 21:41:28.944129,68
ADBE,4,29,Y,2024-12-30 21:41:28.944129,2024-12-30 21:41:28.944129,69
ADI,4,29,Y,2024-12-30 21:41:28.944129,2024-12-30 21:41:28.944129,70
ADP,4,29,Y,2024-12-30 21:41:28.944129,2024-12-30 21:41:28.944129,71
ADSK,4,29,Y,2024-12-30 21:41:28.944129,2024-12-30 21:41:28.944129,72
AKAM,4,29,Y,2024-12-30 21:41:28.944129,2024-12-30 21:41:28.944129,73
AL,4,29,Y,2024-12-30 21:41:28.944129,2024-12-30 21:41:28.944129,74
ALB,4,29,Y,2024-12-30 21:41:28.944129,2024-12-30 21:41:28.944129,75
ALGN,4,29,Y,2024-12-30 21:41:28.944129,2024-12-30 21:41:28.944129,76
ALK,4,29,Y,2024-12-30 21:41:28.944129,2024-12-30 21:41:28.944129,77
ALL,4,29,Y,2024-12-30 21:41:28.944129,2024-12-30 21:41:28.944129,78
ALLY,4,29,Y,2024-12-30 21:41:28.944129,2024-12-30 21:41:28.944129,79
ALNY,4,29,Y,2024-12-30 21:41:28.944129,2024-12-30 21:41:28.944129,80
AME,4,29,Y,2024-12-30 21:41:28.944129,2024-12-30 21:41:28.944129,81
AMAT,4,29,Y,2024-12-30 21:41:28.944129,2024-12-30 21:41:28.944129,82
AMD,4,29,Y,2024-12-30 21:41:28.944129,2024-12-30 21:41:28.944129,83
AMED,4,29,Y,2024-12-30 21:41:28.944129,2024-12-30 21:41:28.944129,84
AMG,4,29,Y,2024-12-30 21:41:28.944129,2024-12-30 21:41:28.944129,85
AMGN,4,29,Y,2024-12-30 21:41:28.944129,2024-12-30 21:41:28.944129,86
AMKR,4,29,Y,2024-12-30 21:41:28.944129,2024-12-30 21:41:28.944129,87
AMP,4,29,Y,2024-12-30 21:41:28.944129,2024-12-30 21:41:28.944129,88
AMT,4,29,Y,2024-12-30 21:41:28.944129,2024-12-30 21:41:28.944129,89
AN,4,29,Y,2024-12-30 21:41:28.944129,2024-12-30 21:41:28.944129,90
ANET,4,29,Y,2024-12-30 21:41:28.944129,2024-12-30 21:41:28.944129,91
AMZN,4,29,Y,2024-12-30 21:41:28.944129,2024-12-30 21:41:28.944129,92
ANSS,4,29,Y,2024-12-30 21:41:28.944129,2024-12-30 21:41:28.944129,93
AON,4,29,Y,2024-12-30 21:41:28.944129,2024-12-30 21:41:28.944129,94
AOS,4,29,Y,2024-12-30 21:41:28.944129,2024-12-30 21:41:28.944129,95
APA,4,29,Y,2024-12-30 21:41:28.944129,2024-12-30 21:41:28.944129,96
APD,4,29,Y,2024-12-30 21:41:28.944129,2024-12-30 21:41:28.944129,97
APH,4,29,Y,2024-12-30 21:41:28.944129,2024-12-30 21:41:28.944129,98
APLS,4,29,Y,2024-12-30 21:41:28.944129,2024-12-30 21:41:28.944129,99
ARCC,4,29,Y,2024-12-30 21:41:28.944129,2024-12-30 21:41:28.944129,100
ARES,4,29,Y,2024-12-30 21:41:28.944129,2024-12-30 21:41:28.944129,101
ARMK,4,29,Y,2024-12-30 21:41:28.944129,2024-12-30 21:41:28.944129,102
ARW,4,29,Y,2024-12-30 21:41:28.944129,2024-12-30 21:41:28.944129,103
ARWR,4,29,Y,2024-12-30 21:41:28.944129,2024-12-30 21:41:28.944129,104
ASH,4,29,Y,2024-12-30 21:41:28.944129,2024-12-30 21:41:28.944129,105
AVTR,4,29,Y,2024-12-30 21:41:28.944129,2024-12-30 21:41:28.944129,106
AVY,4,29,Y,2024-12-30 21:41:28.944129,2024-12-30 21:41:28.944129,107
AWI,4,29,Y,2024-12-30 21:41:28.944129,2024-12-30 21:41:28.944129,108
AWK,4,29,Y,2024-12-30 21:41:28.944129,2024-12-30 21:41:28.944129,109
AVGO,4,29,Y,2024-12-30 21:41:28.944129,2024-12-30 21:41:28.944129,110
AXON,4,29,Y,2024-12-30 21:41:28.944129,2024-12-30 21:41:28.944129,111
AXTA,4,29,Y,2024-12-30 21:41:28.944129,2024-12-30 21:41:28.944129,112
AYI,4,29,Y,2024-12-30 21:41:28.944129,2024-12-30 21:41:28.944129,113
AZO,4,29,Y,2024-12-30 21:41:28.944129,2024-12-30 21:41:28.944129,114
COR,4,29,Y,2024-12-30 21:41:28.944129,2024-12-30 21:41:28.944129,115
BAC,4,29,Y,2024-12-30 21:41:28.944129,2024-12-30 21:41:28.944129,116
BAH,4,29,Y,2024-12-30 21:41:28.944129,2024-12-30 21:41:28.944129,117
BALL,4,29,Y,2024-12-30 21:41:28.944129,2024-12-30 21:41:28.944129,118
BAX,4,29,Y,2024-12-30 21:41:28.944129,2024-12-30 21:41:28.944129,119
BBY,4,29,Y,2024-12-30 21:41:28.944129,2024-12-30 21:41:28.944129,120
BC,4,29,Y,2024-12-30 21:41:28.944129,2024-12-30 21:41:28.944129,121
BDX,4,29,Y,2024-12-30 21:41:28.944129,2024-12-30 21:41:28.944129,122
BEN,4,29,Y,2024-12-30 21:41:28.944129,2024-12-30 21:41:28.944129,123
BERY,4,29,Y,2024-12-30 21:41:28.944129,2024-12-30 21:41:28.944129,124
BFAM,4,29,Y,2024-12-30 21:41:28.944129,2024-12-30 21:41:28.944129,125
BILL,4,29,Y,2024-12-30 21:41:28.944129,2024-12-30 21:41:28.944129,126
BIO,4,29,Y,2024-12-30 21:41:28.944129,2024-12-30 21:41:28.944129,127
BJ,4,29,Y,2024-12-30 21:41:28.944129,2024-12-30 21:41:28.944129,128
BK,4,29,Y,2024-12-30 21:41:28.944129,2024-12-30 21:41:28.944129,129
BKR,4,29,Y,2024-12-30 21:41:28.944129,2024-12-30 21:41:28.944129,130
BLD,4,29,Y,2024-12-30 21:41:28.944129,2024-12-30 21:41:28.944129,131
BLK,4,29,Y,2024-12-30 21:41:28.944129,2024-12-30 21:41:28.944129,132
BMY,4,29,Y,2024-12-30 21:41:28.944129,2024-12-30 21:41:28.944129,133
BR,4,29,Y,2024-12-30 21:41:28.944129,2024-12-30 21:41:28.944129,134
BRKb,4,29,Y,2024-12-30 21:41:28.944129,2024-12-30 21:41:28.944129,135
BRO,4,29,Y,2024-12-30 21:41:28.944129,2024-12-30 21:41:28.944129,136
BSX,4,29,Y,2024-12-30 21:41:28.944129,2024-12-30 21:41:28.944129,137
BURL,4,29,Y,2024-12-30 21:41:28.944129,2024-12-30 21:41:28.944129,138
BWA,4,29,Y,2024-12-30 21:41:28.944129,2024-12-30 21:41:28.944129,139
BX,4,29,Y,2024-12-30 21:41:28.944129,2024-12-30 21:41:28.944129,140
BYD,4,29,Y,2024-12-30 21:41:28.944129,2024-12-30 21:41:28.944129,141
C,4,29,Y,2024-12-30 21:41:28.944129,2024-12-30 21:41:28.944129,142
CABO,4,29,Y,2024-12-30 21:41:28.944129,2024-12-30 21:41:28.944129,143
CACI,4,29,Y,2024-12-30 21:41:28.944129,2024-12-30 21:41:28.944129,144
CAG,4,29,Y,2024-12-30 21:41:28.944129,2024-12-30 21:41:28.944129,145
CAH,4,29,Y,2024-12-30 21:41:28.944129,2024-12-30 21:41:28.944129,146
CARR,4,29,Y,2024-12-30 21:41:28.944129,2024-12-30 21:41:28.944129,147
CB,4,29,Y,2024-12-30 21:41:28.944129,2024-12-30 21:41:28.944129,148
CBRE,4,29,Y,2024-12-30 21:41:28.944129,2024-12-30 21:41:28.944129,149
CC,4,29,Y,2024-12-30 21:41:28.944129,2024-12-30 21:41:28.944129,150
CCI,4,29,Y,2024-12-30 21:41:28.944129,2024-12-30 21:41:28.944129,151
CCK,4,29,Y,2024-12-30 21:41:28.944129,2024-12-30 21:41:28.944129,152
CCL,4,29,Y,2024-12-30 21:41:28.944129,2024-12-30 21:41:28.944129,153
CE,4,29,Y,2024-12-30 21:41:28.944129,2024-12-30 21:41:28.944129,154
CF,4,29,Y,2024-12-30 21:41:28.944129,2024-12-30 21:41:28.944129,155
CFG,4,29,Y,2024-12-30 21:41:28.944129,2024-12-30 21:41:28.944129,156
CFR,4,29,Y,2024-12-30 21:41:28.944129,2024-12-30 21:41:28.944129,157
CHD,4,29,Y,2024-12-30 21:41:28.944129,2024-12-30 21:41:28.944129,158
CHE,4,29,Y,2024-12-30 21:41:28.944129,2024-12-30 21:41:28.944129,159
CHGG,4,29,Y,2024-12-30 21:41:28.944129,2024-12-30 21:41:28.944129,160
CHWY,4,29,Y,2024-12-30 21:41:28.944129,2024-12-30 21:41:28.944129,161
CI,4,29,Y,2024-12-30 21:41:28.944129,2024-12-30 21:41:28.944129,162
CIEN,4,29,Y,2024-12-30 21:41:28.944129,2024-12-30 21:41:28.944129,163
CL,4,29,Y,2024-12-30 21:41:28.944129,2024-12-30 21:41:28.944129,164
CLF,4,29,Y,2024-12-30 21:41:28.944129,2024-12-30 21:41:28.944129,165
CLX,4,29,Y,2024-12-30 21:41:28.944129,2024-12-30 21:41:28.944129,166
CMA,4,29,Y,2024-12-30 21:41:28.944129,2024-12-30 21:41:28.944129,167
CMG,4,29,Y,2024-12-30 21:41:28.944129,2024-12-30 21:41:28.944129,168
CMI,4,29,Y,2024-12-30 21:41:28.944129,2024-12-30 21:41:28.944129,169
CMS,4,29,Y,2024-12-30 21:41:28.944129,2024-12-30 21:41:28.944129,170
CNC,4,29,Y,2024-12-30 21:41:28.944129,2024-12-30 21:41:28.944129,171
CNP,4,29,Y,2024-12-30 21:41:28.944129,2024-12-30 21:41:28.944129,172
COF,4,29,Y,2024-12-30 21:41:28.944129,2024-12-30 21:41:28.944129,173
COHR,4,29,Y,2024-12-30 21:41:28.944129,2024-12-30 21:41:28.944129,174
COO,4,29,Y,2024-12-30 21:41:28.944129,2024-12-30 21:41:28.944129,175
COP,4,29,Y,2024-12-30 21:41:28.944129,2024-12-30 21:41:28.944129,176
COTY,4,29,Y,2024-12-30 21:41:28.944129,2024-12-30 21:41:28.944129,177
CPAY,4,29,Y,2024-12-30 21:41:28.944129,2024-12-30 21:41:28.944129,178
CRL,4,29,Y,2024-12-30 21:41:28.944129,2024-12-30 21:41:28.944129,179
CRM,4,29,Y,2024-12-30 21:41:28.944129,2024-12-30 21:41:28.944129,180
CSL,4,29,Y,2024-12-30 21:41:28.944129,2024-12-30 21:41:28.944129,181
CTVA,4,29,Y,2024-12-30 21:41:28.944129,2024-12-30 21:41:28.944129,182
CVNA,4,29,Y,2024-12-30 21:41:28.944129,2024-12-30 21:41:28.944129,183
CVS,4,29,Y,2024-12-30 21:41:28.944129,2024-12-30 21:41:28.944129,184
D,4,29,Y,2024-12-30 21:41:28.944129,2024-12-30 21:41:28.944129,185
DAL,4,29,Y,2024-12-30 21:41:28.944129,2024-12-30 21:41:28.944129,186
DAR,4,29,Y,2024-12-30 21:41:28.944129,2024-12-30 21:41:28.944129,187
DAY,4,29,Y,2024-12-30 21:41:28.944129,2024-12-30 21:41:28.944129,188
AZPN,4,29,Y,2024-12-30 21:41:28.944129,2024-12-30 21:41:28.944129,189
AZTA,4,29,Y,2024-12-30 21:41:28.944129,2024-12-30 21:41:28.944129,190
BIIB,4,29,Y,2024-12-30 21:41:28.944129,2024-12-30 21:41:28.944129,191
BKNG,4,29,Y,2024-12-30 21:41:28.944129,2024-12-30 21:41:28.944129,192
BL,4,29,Y,2024-12-30 21:41:28.944129,2024-12-30 21:41:28.944129,193
BLDR,4,29,Y,2024-12-30 21:41:28.944129,2024-12-30 21:41:28.944129,194
BMRN,4,29,Y,2024-12-30 21:41:28.944129,2024-12-30 21:41:28.944129,195
BPMC,4,29,Y,2024-12-30 21:41:28.944129,2024-12-30 21:41:28.944129,196
BRKR,4,29,Y,2024-12-30 21:41:28.944129,2024-12-30 21:41:28.944129,197
CACC,4,29,Y,2024-12-30 21:41:28.944129,2024-12-30 21:41:28.944129,198
CAR,4,29,Y,2024-12-30 21:41:28.944129,2024-12-30 21:41:28.944129,199
CASY,4,29,Y,2024-12-30 21:41:28.944129,2024-12-30 21:41:28.944129,200
CDNS,4,29,Y,2024-12-30 21:41:28.944129,2024-12-30 21:41:28.944129,201
CDW,4,29,Y,2024-12-30 21:41:28.944129,2024-12-30 21:41:28.944129,202
CG,4,29,Y,2024-12-30 21:41:28.944129,2024-12-30 21:41:28.944129,203
CGNX,4,29,Y,2024-12-30 21:41:28.944129,2024-12-30 21:41:28.944129,204
CHDN,4,29,Y,2024-12-30 21:41:28.944129,2024-12-30 21:41:28.944129,205
CHRW,4,29,Y,2024-12-30 21:41:28.944129,2024-12-30 21:41:28.944129,206
CHTR,4,29,Y,2024-12-30 21:41:28.944129,2024-12-30 21:41:28.944129,207
CHX,4,29,Y,2024-12-30 21:41:28.944129,2024-12-30 21:41:28.944129,208
CINF,4,29,Y,2024-12-30 21:41:28.944129,2024-12-30 21:41:28.944129,209
CMCSA,4,29,Y,2024-12-30 21:41:28.944129,2024-12-30 21:41:28.944129,210
CME,4,29,Y,2024-12-30 21:41:28.944129,2024-12-30 21:41:28.944129,211
COLM,4,29,Y,2024-12-30 21:41:28.944129,2024-12-30 21:41:28.944129,212
COST,4,29,Y,2024-12-30 21:41:28.944129,2024-12-30 21:41:28.944129,213
CPRT,4,29,Y,2024-12-30 21:41:28.944129,2024-12-30 21:41:28.944129,214
CROX,4,29,Y,2024-12-30 21:41:28.944129,2024-12-30 21:41:28.944129,215
CRWD,4,29,Y,2024-12-30 21:41:28.944129,2024-12-30 21:41:28.944129,216
CSGP,4,29,Y,2024-12-30 21:41:28.944129,2024-12-30 21:41:28.944129,217
CSX,4,29,Y,2024-12-30 21:41:28.944129,2024-12-30 21:41:28.944129,218
CTAS,4,29,Y,2024-12-30 21:41:28.944129,2024-12-30 21:41:28.944129,219
CTSH,4,29,Y,2024-12-30 21:41:28.944129,2024-12-30 21:41:28.944129,220
DBX,4,29,Y,2024-12-30 21:41:28.944129,2024-12-30 21:41:28.944129,221
DDOG,4,29,Y,2024-12-30 21:41:28.944129,2024-12-30 21:41:28.944129,222
DD,4,29,Y,2024-12-30 21:41:28.944129,2024-12-30 21:41:28.944129,223
DE,4,29,Y,2024-12-30 21:41:28.944129,2024-12-30 21:41:28.944129,224
DECK,4,29,Y,2024-12-30 21:41:28.944129,2024-12-30 21:41:28.944129,225
DELL,4,29,Y,2024-12-30 21:41:28.944129,2024-12-30 21:41:28.944129,226
DFS,4,29,Y,2024-12-30 21:41:28.944129,2024-12-30 21:41:28.944129,227
DG,4,29,Y,2024-12-30 21:41:28.944129,2024-12-30 21:41:28.944129,228
DGX,4,29,Y,2024-12-30 21:41:28.944129,2024-12-30 21:41:28.944129,229
DHI,4,29,Y,2024-12-30 21:41:28.944129,2024-12-30 21:41:28.944129,230
DHR,4,29,Y,2024-12-30 21:41:28.944129,2024-12-30 21:41:28.944129,231
DKS,4,29,Y,2024-12-30 21:41:28.944129,2024-12-30 21:41:28.944129,232
DLB,4,29,Y,2024-12-30 21:41:28.944129,2024-12-30 21:41:28.944129,233
DLTR,4,29,Y,2024-12-30 21:41:28.944129,2024-12-30 21:41:28.944129,234
DNLI,4,29,Y,2024-12-30 21:41:28.944129,2024-12-30 21:41:28.944129,235
DOCU,4,29,Y,2024-12-30 21:41:28.944129,2024-12-30 21:41:28.944129,236
DOV,4,29,Y,2024-12-30 21:41:28.944129,2024-12-30 21:41:28.944129,237
DOX,4,29,Y,2024-12-30 21:41:28.944129,2024-12-30 21:41:28.944129,238
DPZ,4,29,Y,2024-12-30 21:41:28.944129,2024-12-30 21:41:28.944129,239
DRI,4,29,Y,2024-12-30 21:41:28.944129,2024-12-30 21:41:28.944129,240
DT,4,29,Y,2024-12-30 21:41:28.944129,2024-12-30 21:41:28.944129,241
DTE,4,29,Y,2024-12-30 21:41:28.944129,2024-12-30 21:41:28.944129,242
DUK,4,29,Y,2024-12-30 21:41:28.944129,2024-12-30 21:41:28.944129,243
DVA,4,29,Y,2024-12-30 21:41:28.944129,2024-12-30 21:41:28.944129,244
DVN,4,29,Y,2024-12-30 21:41:28.944129,2024-12-30 21:41:28.944129,245
DXC,4,29,Y,2024-12-30 21:41:28.944129,2024-12-30 21:41:28.944129,246
DXCM,4,29,Y,2024-12-30 21:41:28.944129,2024-12-30 21:41:28.944129,247
ECL,4,29,Y,2024-12-30 21:41:28.944129,2024-12-30 21:41:28.944129,248
EA,4,29,Y,2024-12-30 21:41:28.944129,2024-12-30 21:41:28.944129,249
EBAY,4,29,Y,2024-12-30 21:41:28.944129,2024-12-30 21:41:28.944129,250
EEFT,4,29,Y,2024-12-30 21:41:28.944129,2024-12-30 21:41:28.944129,251
EFX,4,29,Y,2024-12-30 21:41:28.944129,2024-12-30 21:41:28.944129,252
EHC,4,29,Y,2024-12-30 21:41:28.944129,2024-12-30 21:41:28.944129,253
EIX,4,29,Y,2024-12-30 21:41:28.944129,2024-12-30 21:41:28.944129,254
EL,4,29,Y,2024-12-30 21:41:28.944129,2024-12-30 21:41:28.944129,255
ELAN,4,29,Y,2024-12-30 21:41:28.944129,2024-12-30 21:41:28.944129,256
ELV,4,29,Y,2024-12-30 21:41:28.944129,2024-12-30 21:41:28.944129,257
EME,4,29,Y,2024-12-30 21:41:28.944129,2024-12-30 21:41:28.944129,258
EMN,4,29,Y,2024-12-30 21:41:28.944129,2024-12-30 21:41:28.944129,259
EMR,4,29,Y,2024-12-30 21:41:28.944129,2024-12-30 21:41:28.944129,260
ENOV,4,29,Y,2024-12-30 21:41:28.944129,2024-12-30 21:41:28.944129,261
ENPH,4,29,Y,2024-12-30 21:41:28.944129,2024-12-30 21:41:28.944129,262
ENTG,4,29,Y,2024-12-30 21:41:28.944129,2024-12-30 21:41:28.944129,263
EOG,4,29,Y,2024-12-30 21:41:28.944129,2024-12-30 21:41:28.944129,264
EPAM,4,29,Y,2024-12-30 21:41:28.944129,2024-12-30 21:41:28.944129,265
EQH,4,29,Y,2024-12-30 21:41:28.944129,2024-12-30 21:41:28.944129,266
EQT,4,29,Y,2024-12-30 21:41:28.944129,2024-12-30 21:41:28.944129,267
ES,4,29,Y,2024-12-30 21:41:28.944129,2024-12-30 21:41:28.944129,268
ESI,4,29,Y,2024-12-30 21:41:28.944129,2024-12-30 21:41:28.944129,269
ESNT,4,29,Y,2024-12-30 21:41:28.944129,2024-12-30 21:41:28.944129,270
ESTC,4,29,Y,2024-12-30 21:41:28.944129,2024-12-30 21:41:28.944129,271
ETN,4,29,Y,2024-12-30 21:41:28.944129,2024-12-30 21:41:28.944129,272
ETR,4,29,Y,2024-12-30 21:41:28.944129,2024-12-30 21:41:28.944129,273
ETSY,4,29,Y,2024-12-30 21:41:28.944129,2024-12-30 21:41:28.944129,274
EVR,4,29,Y,2024-12-30 21:41:28.944129,2024-12-30 21:41:28.944129,275
EVRG,4,29,Y,2024-12-30 21:41:28.944129,2024-12-30 21:41:28.944129,276
EWBC,4,29,Y,2024-12-30 21:41:28.944129,2024-12-30 21:41:28.944129,277
EXEL,4,29,Y,2024-12-30 21:41:28.944129,2024-12-30 21:41:28.944129,278
EW,4,29,Y,2024-12-30 21:41:28.944129,2024-12-30 21:41:28.944129,279
EXC,4,29,Y,2024-12-30 21:41:28.944129,2024-12-30 21:41:28.944129,280
EXP,4,29,Y,2024-12-30 21:41:28.944129,2024-12-30 21:41:28.944129,281
EXPD,4,29,Y,2024-12-30 21:41:28.944129,2024-12-30 21:41:28.944129,282
EXPE,4,29,Y,2024-12-30 21:41:28.944129,2024-12-30 21:41:28.944129,283
EXPI,4,29,Y,2024-12-30 21:41:28.944129,2024-12-30 21:41:28.944129,284
F,4,29,Y,2024-12-30 21:41:28.944129,2024-12-30 21:41:28.944129,285
FAF,4,29,Y,2024-12-30 21:41:28.944129,2024-12-30 21:41:28.944129,286
FANG,4,29,Y,2024-12-30 21:41:28.944129,2024-12-30 21:41:28.944129,287
FBIN,4,29,Y,2024-12-30 21:41:28.944129,2024-12-30 21:41:28.944129,288
FCX,4,29,Y,2024-12-30 21:41:28.944129,2024-12-30 21:41:28.944129,289
FDS,4,29,Y,2024-12-30 21:41:28.944129,2024-12-30 21:41:28.944129,290
FDX,4,29,Y,2024-12-30 21:41:28.944129,2024-12-30 21:41:28.944129,291
FE,4,29,Y,2024-12-30 21:41:28.944129,2024-12-30 21:41:28.944129,292
FAST,4,29,Y,2024-12-30 21:41:28.944129,2024-12-30 21:41:28.944129,293
FFIV,4,29,Y,2024-12-30 21:41:28.944129,2024-12-30 21:41:28.944129,294
FHN,4,29,Y,2024-12-30 21:41:28.944129,2024-12-30 21:41:28.944129,295
FI,4,29,Y,2024-12-30 21:41:28.944129,2024-12-30 21:41:28.944129,296
FICO,4,29,Y,2024-12-30 21:41:28.944129,2024-12-30 21:41:28.944129,297
FITB,4,29,Y,2024-12-30 21:41:28.944129,2024-12-30 21:41:28.944129,298
FIVE,4,29,Y,2024-12-30 21:41:28.944129,2024-12-30 21:41:28.944129,299
FIVN,4,29,Y,2024-12-30 21:41:28.944129,2024-12-30 21:41:28.944129,300
FLEX,4,29,Y,2024-12-30 21:41:28.944129,2024-12-30 21:41:28.944129,301
FIS,4,29,Y,2024-12-30 21:41:28.944129,2024-12-30 21:41:28.944129,302
FLS,4,29,Y,2024-12-30 21:41:28.944129,2024-12-30 21:41:28.944129,303
FMC,4,29,Y,2024-12-30 21:41:28.944129,2024-12-30 21:41:28.944129,304
FND,4,29,Y,2024-12-30 21:41:28.944129,2024-12-30 21:41:28.944129,305
FNF,4,29,Y,2024-12-30 21:41:28.944129,2024-12-30 21:41:28.944129,306
FOX,4,29,Y,2024-12-30 21:41:28.944129,2024-12-30 21:41:28.944129,307
FOXA,4,29,Y,2024-12-30 21:41:28.944129,2024-12-30 21:41:28.944129,308
FOXF,4,29,Y,2024-12-30 21:41:28.944129,2024-12-30 21:41:28.944129,309
FRPT,4,29,Y,2024-12-30 21:41:28.944129,2024-12-30 21:41:28.944129,310
FSLR,4,29,Y,2024-12-30 21:41:28.944129,2024-12-30 21:41:28.944129,311
FTNT,4,29,Y,2024-12-30 21:41:28.944129,2024-12-30 21:41:28.944129,312
FTV,4,29,Y,2024-12-30 21:41:28.944129,2024-12-30 21:41:28.944129,313
G,4,29,Y,2024-12-30 21:41:28.944129,2024-12-30 21:41:28.944129,314
GD,4,29,Y,2024-12-30 21:41:28.944129,2024-12-30 21:41:28.944129,315
GDDY,4,29,Y,2024-12-30 21:41:28.944129,2024-12-30 21:41:28.944129,316
GGG,4,29,Y,2024-12-30 21:41:28.944129,2024-12-30 21:41:28.944129,317
GEN,4,29,Y,2024-12-30 21:41:28.944129,2024-12-30 21:41:28.944129,318
GH,4,29,Y,2024-12-30 21:41:28.944129,2024-12-30 21:41:28.944129,319
GIS,4,29,Y,2024-12-30 21:41:28.944129,2024-12-30 21:41:28.944129,320
GL,4,29,Y,2024-12-30 21:41:28.944129,2024-12-30 21:41:28.944129,321
GLW,4,29,Y,2024-12-30 21:41:28.944129,2024-12-30 21:41:28.944129,322
GM,4,29,Y,2024-12-30 21:41:28.944129,2024-12-30 21:41:28.944129,323
GMED,4,29,Y,2024-12-30 21:41:28.944129,2024-12-30 21:41:28.944129,324
GNRC,4,29,Y,2024-12-30 21:41:28.944129,2024-12-30 21:41:28.944129,325
GILD,4,29,Y,2024-12-30 21:41:28.944129,2024-12-30 21:41:28.944129,326
GNTX,4,29,Y,2024-12-30 21:41:28.944129,2024-12-30 21:41:28.944129,327
GPC,4,29,Y,2024-12-30 21:41:28.944129,2024-12-30 21:41:28.944129,328
GPK,4,29,Y,2024-12-30 21:41:28.944129,2024-12-30 21:41:28.944129,329
GPN,4,29,Y,2024-12-30 21:41:28.944129,2024-12-30 21:41:28.944129,330
GOOG,4,29,Y,2024-12-30 21:41:28.944129,2024-12-30 21:41:28.944129,331
GOOGL,4,29,Y,2024-12-30 21:41:28.944129,2024-12-30 21:41:28.944129,332
GT,4,29,Y,2024-12-30 21:41:28.944129,2024-12-30 21:41:28.944129,333
GTLS,4,29,Y,2024-12-30 21:41:28.944129,2024-12-30 21:41:28.944129,334
GWRE,4,29,Y,2024-12-30 21:41:28.944129,2024-12-30 21:41:28.944129,335
GWW,4,29,Y,2024-12-30 21:41:28.944129,2024-12-30 21:41:28.944129,336
H,4,29,Y,2024-12-30 21:41:28.944129,2024-12-30 21:41:28.944129,337
HALO,4,29,Y,2024-12-30 21:41:28.944129,2024-12-30 21:41:28.944129,338
HAS,4,29,Y,2024-12-30 21:41:28.944129,2024-12-30 21:41:28.944129,339
HBAN,4,29,Y,2024-12-30 21:41:28.944129,2024-12-30 21:41:28.944129,340
HAL,4,29,Y,2024-12-30 21:41:28.944129,2024-12-30 21:41:28.944129,341
HBI,4,29,Y,2024-12-30 21:41:28.944129,2024-12-30 21:41:28.944129,342
HCA,4,29,Y,2024-12-30 21:41:28.944129,2024-12-30 21:41:28.944129,343
HEI,4,29,Y,2024-12-30 21:41:28.944129,2024-12-30 21:41:28.944129,344
HELE,4,29,Y,2024-12-30 21:41:28.944129,2024-12-30 21:41:28.944129,345
HES,4,29,Y,2024-12-30 21:41:28.944129,2024-12-30 21:41:28.944129,346
HIG,4,29,Y,2024-12-30 21:41:28.944129,2024-12-30 21:41:28.944129,347
HII,4,29,Y,2024-12-30 21:41:28.944129,2024-12-30 21:41:28.944129,348
HLT,4,29,Y,2024-12-30 21:41:28.944129,2024-12-30 21:41:28.944129,349
HOG,4,29,Y,2024-12-30 21:41:28.944129,2024-12-30 21:41:28.944129,350
HOLX,4,29,Y,2024-12-30 21:41:28.944129,2024-12-30 21:41:28.944129,351
HQY,4,29,Y,2024-12-30 21:41:28.944129,2024-12-30 21:41:28.944129,352
HSIC,4,29,Y,2024-12-30 21:41:28.944129,2024-12-30 21:41:28.944129,353
HON,4,29,Y,2024-12-30 21:41:28.944129,2024-12-30 21:41:28.944129,354
HPE,4,29,Y,2024-12-30 21:41:28.944129,2024-12-30 21:41:28.944129,355
HPQ,4,29,Y,2024-12-30 21:41:28.944129,2024-12-30 21:41:28.944129,356
HUBB,4,29,Y,2024-12-30 21:41:28.944129,2024-12-30 21:41:28.944129,357
HUBS,4,29,Y,2024-12-30 21:41:28.944129,2024-12-30 21:41:28.944129,358
HUM,4,29,Y,2024-12-30 21:41:28.944129,2024-12-30 21:41:28.944129,359
HUN,4,29,Y,2024-12-30 21:41:28.944129,2024-12-30 21:41:28.944129,360
HWM,4,29,Y,2024-12-30 21:41:28.944129,2024-12-30 21:41:28.944129,361
HXL,4,29,Y,2024-12-30 21:41:28.944129,2024-12-30 21:41:28.944129,362
IBKR,4,29,Y,2024-12-30 21:41:28.944129,2024-12-30 21:41:28.944129,363
IDXX,4,29,Y,2024-12-30 21:41:28.944129,2024-12-30 21:41:28.944129,364
ICE,4,29,Y,2024-12-30 21:41:28.944129,2024-12-30 21:41:28.944129,365
IEX,4,29,Y,2024-12-30 21:41:28.944129,2024-12-30 21:41:28.944129,366
IFF,4,29,Y,2024-12-30 21:41:28.944129,2024-12-30 21:41:28.944129,367
IGT,4,29,Y,2024-12-30 21:41:28.944129,2024-12-30 21:41:28.944129,368
ILMN,4,29,Y,2024-12-30 21:41:28.944129,2024-12-30 21:41:28.944129,369
INCY,4,29,Y,2024-12-30 21:41:28.944129,2024-12-30 21:41:28.944129,370
INGR,4,29,Y,2024-12-30 21:41:28.944129,2024-12-30 21:41:28.944129,371
INSP,4,29,Y,2024-12-30 21:41:28.944129,2024-12-30 21:41:28.944129,372
INTU,4,29,Y,2024-12-30 21:41:28.944129,2024-12-30 21:41:28.944129,373
IONS,4,29,Y,2024-12-30 21:41:28.944129,2024-12-30 21:41:28.944129,374
IP,4,29,Y,2024-12-30 21:41:28.944129,2024-12-30 21:41:28.944129,375
IPG,4,29,Y,2024-12-30 21:41:28.944129,2024-12-30 21:41:28.944129,376
IPGP,4,29,Y,2024-12-30 21:41:28.944129,2024-12-30 21:41:28.944129,377
IQV,4,29,Y,2024-12-30 21:41:28.944129,2024-12-30 21:41:28.944129,378
IR,4,29,Y,2024-12-30 21:41:28.944129,2024-12-30 21:41:28.944129,379
IRDM,4,29,Y,2024-12-30 21:41:28.944129,2024-12-30 21:41:28.944129,380
IT,4,29,Y,2024-12-30 21:41:28.944129,2024-12-30 21:41:28.944129,381
ITT,4,29,Y,2024-12-30 21:41:28.944129,2024-12-30 21:41:28.944129,382
ITW,4,29,Y,2024-12-30 21:41:28.944129,2024-12-30 21:41:28.944129,383
IVZ,4,29,Y,2024-12-30 21:41:28.944129,2024-12-30 21:41:28.944129,384
J,4,29,Y,2024-12-30 21:41:28.944129,2024-12-30 21:41:28.944129,385
ISRG,4,29,Y,2024-12-30 21:41:28.944129,2024-12-30 21:41:28.944129,386
JBHT,4,29,Y,2024-12-30 21:41:28.944129,2024-12-30 21:41:28.944129,387
JBL,4,29,Y,2024-12-30 21:41:28.944129,2024-12-30 21:41:28.944129,388
JBLU,4,29,Y,2024-12-30 21:41:28.944129,2024-12-30 21:41:28.944129,389
JCI,4,29,Y,2024-12-30 21:41:28.944129,2024-12-30 21:41:28.944129,390
JEF,4,29,Y,2024-12-30 21:41:28.944129,2024-12-30 21:41:28.944129,391
JKHY,4,29,Y,2024-12-30 21:41:28.944129,2024-12-30 21:41:28.944129,392
JLL,4,29,Y,2024-12-30 21:41:28.944129,2024-12-30 21:41:28.944129,393
JNPR,4,29,Y,2024-12-30 21:41:28.944129,2024-12-30 21:41:28.944129,394
JWN,4,29,Y,2024-12-30 21:41:28.944129,2024-12-30 21:41:28.944129,395
K,4,29,Y,2024-12-30 21:41:28.944129,2024-12-30 21:41:28.944129,396
KBR,4,29,Y,2024-12-30 21:41:28.944129,2024-12-30 21:41:28.944129,397
KDP,4,29,Y,2024-12-30 21:41:28.944129,2024-12-30 21:41:28.944129,398
KEY,4,29,Y,2024-12-30 21:41:28.944129,2024-12-30 21:41:28.944129,399
KEYS,4,29,Y,2024-12-30 21:41:28.944129,2024-12-30 21:41:28.944129,400
KKR,4,29,Y,2024-12-30 21:41:28.944129,2024-12-30 21:41:28.944129,401
KMB,4,29,Y,2024-12-30 21:41:28.944129,2024-12-30 21:41:28.944129,402
KMI,4,29,Y,2024-12-30 21:41:28.944129,2024-12-30 21:41:28.944129,403
KMX,4,29,Y,2024-12-30 21:41:28.944129,2024-12-30 21:41:28.944129,404
KNX,4,29,Y,2024-12-30 21:41:28.944129,2024-12-30 21:41:28.944129,405
KR,4,29,Y,2024-12-30 21:41:28.944129,2024-12-30 21:41:28.944129,406
KSS,4,29,Y,2024-12-30 21:41:28.944129,2024-12-30 21:41:28.944129,407
L,4,29,Y,2024-12-30 21:41:28.944129,2024-12-30 21:41:28.944129,408
LAD,4,29,Y,2024-12-30 21:41:28.944129,2024-12-30 21:41:28.944129,409
KHC,4,29,Y,2024-12-30 21:41:28.944129,2024-12-30 21:41:28.944129,410
KLAC,4,29,Y,2024-12-30 21:41:28.944129,2024-12-30 21:41:28.944129,411
LAZR,4,29,Y,2024-12-30 21:41:28.944129,2024-12-30 21:41:28.944129,412
LDOS,4,29,Y,2024-12-30 21:41:28.944129,2024-12-30 21:41:28.944129,413
LEA,4,29,Y,2024-12-30 21:41:28.944129,2024-12-30 21:41:28.944129,414
LEG,4,29,Y,2024-12-30 21:41:28.944129,2024-12-30 21:41:28.944129,415
LEN,4,29,Y,2024-12-30 21:41:28.944129,2024-12-30 21:41:28.944129,416
LEVI,4,29,Y,2024-12-30 21:41:28.944129,2024-12-30 21:41:28.944129,417
LH,4,29,Y,2024-12-30 21:41:28.944129,2024-12-30 21:41:28.944129,418
LHX,4,29,Y,2024-12-30 21:41:28.944129,2024-12-30 21:41:28.944129,419
LII,4,29,Y,2024-12-30 21:41:28.944129,2024-12-30 21:41:28.944129,420
LITE,4,29,Y,2024-12-30 21:41:28.944129,2024-12-30 21:41:28.944129,421
LKQ,4,29,Y,2024-12-30 21:41:28.944129,2024-12-30 21:41:28.944129,422
LLY,4,29,Y,2024-12-30 21:41:28.944129,2024-12-30 21:41:28.944129,423
LMT,4,29,Y,2024-12-30 21:41:28.944129,2024-12-30 21:41:28.944129,424
LNC,4,29,Y,2024-12-30 21:41:28.944129,2024-12-30 21:41:28.944129,425
LNT,4,29,Y,2024-12-30 21:41:28.944129,2024-12-30 21:41:28.944129,426
LNW,4,29,Y,2024-12-30 21:41:28.944129,2024-12-30 21:41:28.944129,427
LPLA,4,29,Y,2024-12-30 21:41:28.944129,2024-12-30 21:41:28.944129,428
LOW,4,29,Y,2024-12-30 21:41:28.944129,2024-12-30 21:41:28.944129,429
LPX,4,29,Y,2024-12-30 21:41:28.944129,2024-12-30 21:41:28.944129,430
LRCX,4,29,Y,2024-12-30 21:41:28.944129,2024-12-30 21:41:28.944129,431
LSCC,4,29,Y,2024-12-30 21:41:28.944129,2024-12-30 21:41:28.944129,432
LSTR,4,29,Y,2024-12-30 21:41:28.944129,2024-12-30 21:41:28.944129,433
LUMN,4,29,Y,2024-12-30 21:41:28.944129,2024-12-30 21:41:28.944129,434
LUV,4,29,Y,2024-12-30 21:41:28.944129,2024-12-30 21:41:28.944129,435
LVS,4,29,Y,2024-12-30 21:41:28.944129,2024-12-30 21:41:28.944129,436
LW,4,29,Y,2024-12-30 21:41:28.944129,2024-12-30 21:41:28.944129,437
LYFT,4,29,Y,2024-12-30 21:41:28.944129,2024-12-30 21:41:28.944129,438
LYB,4,29,Y,2024-12-30 21:41:28.944129,2024-12-30 21:41:28.944129,439
LYV,4,29,Y,2024-12-30 21:41:28.944129,2024-12-30 21:41:28.944129,440
M,4,29,Y,2024-12-30 21:41:28.944129,2024-12-30 21:41:28.944129,441
MA,4,29,Y,2024-12-30 21:41:28.944129,2024-12-30 21:41:28.944129,442
MAN,4,29,Y,2024-12-30 21:41:28.944129,2024-12-30 21:41:28.944129,443
MANH,4,29,Y,2024-12-30 21:41:28.944129,2024-12-30 21:41:28.944129,444
MAS,4,29,Y,2024-12-30 21:41:28.944129,2024-12-30 21:41:28.944129,445
MAR,4,29,Y,2024-12-30 21:41:28.944129,2024-12-30 21:41:28.944129,446
MASI,4,29,Y,2024-12-30 21:41:28.944129,2024-12-30 21:41:28.944129,447
MAT,4,29,Y,2024-12-30 21:41:28.944129,2024-12-30 21:41:28.944129,448
MCK,4,29,Y,2024-12-30 21:41:28.944129,2024-12-30 21:41:28.944129,449
MCO,4,29,Y,2024-12-30 21:41:28.944129,2024-12-30 21:41:28.944129,450
MCHP,4,29,Y,2024-12-30 21:41:28.944129,2024-12-30 21:41:28.944129,451
MDB,4,29,Y,2024-12-30 21:41:28.944129,2024-12-30 21:41:28.944129,452
MDLZ,4,29,Y,2024-12-30 21:41:28.944129,2024-12-30 21:41:28.944129,453
MEDP,4,29,Y,2024-12-30 21:41:28.944129,2024-12-30 21:41:28.944129,454
MDT,4,29,Y,2024-12-30 21:41:28.944129,2024-12-30 21:41:28.944129,455
MET,4,29,Y,2024-12-30 21:41:28.944129,2024-12-30 21:41:28.944129,456
MGM,4,29,Y,2024-12-30 21:41:28.944129,2024-12-30 21:41:28.944129,457
MHK,4,29,Y,2024-12-30 21:41:28.944129,2024-12-30 21:41:28.944129,458
META,4,29,Y,2024-12-30 21:41:28.944129,2024-12-30 21:41:28.944129,459
MIDD,4,29,Y,2024-12-30 21:41:28.944129,2024-12-30 21:41:28.944129,460
MKL,4,29,Y,2024-12-30 21:41:28.944129,2024-12-30 21:41:28.944129,461
MKSI,4,29,Y,2024-12-30 21:41:28.944129,2024-12-30 21:41:28.944129,462
MKTX,4,29,Y,2024-12-30 21:41:28.944129,2024-12-30 21:41:28.944129,463
MLM,4,29,Y,2024-12-30 21:41:28.944129,2024-12-30 21:41:28.944129,464
MNST,4,29,Y,2024-12-30 21:41:28.944129,2024-12-30 21:41:28.944129,465
MMC,4,29,Y,2024-12-30 21:41:28.944129,2024-12-30 21:41:28.944129,466
MO,4,29,Y,2024-12-30 21:41:28.944129,2024-12-30 21:41:28.944129,467
MODG,4,29,Y,2024-12-30 21:41:28.944129,2024-12-30 21:41:28.944129,468
MOH,4,29,Y,2024-12-30 21:41:28.944129,2024-12-30 21:41:28.944129,469
MOS,4,29,Y,2024-12-30 21:41:28.944129,2024-12-30 21:41:28.944129,470
MPWR,4,29,Y,2024-12-30 21:41:28.944129,2024-12-30 21:41:28.944129,471
MRNA,4,29,Y,2024-12-30 21:41:28.944129,2024-12-30 21:41:28.944129,472
MPC,4,29,Y,2024-12-30 21:41:28.944129,2024-12-30 21:41:28.944129,473
MRVL,4,29,Y,2024-12-30 21:41:28.944129,2024-12-30 21:41:28.944129,474
MS,4,29,Y,2024-12-30 21:41:28.944129,2024-12-30 21:41:28.944129,475
MSCI,4,29,Y,2024-12-30 21:41:28.944129,2024-12-30 21:41:28.944129,476
MSI,4,29,Y,2024-12-30 21:41:28.944129,2024-12-30 21:41:28.944129,477
MSM,4,29,Y,2024-12-30 21:41:28.944129,2024-12-30 21:41:28.944129,478
MSTR,4,29,Y,2024-12-30 21:41:28.944129,2024-12-30 21:41:28.944129,479
MTB,4,29,Y,2024-12-30 21:41:28.944129,2024-12-30 21:41:28.944129,480
MTD,4,29,Y,2024-12-30 21:41:28.944129,2024-12-30 21:41:28.944129,481
MTN,4,29,Y,2024-12-30 21:41:28.944129,2024-12-30 21:41:28.944129,482
MTZ,4,29,Y,2024-12-30 21:41:28.944129,2024-12-30 21:41:28.944129,483
MU,4,29,Y,2024-12-30 21:41:28.944129,2024-12-30 21:41:28.944129,484
NBIX,4,29,Y,2024-12-30 21:41:28.944129,2024-12-30 21:41:28.944129,485
NCLH,4,29,Y,2024-12-30 21:41:28.944129,2024-12-30 21:41:28.944129,486
NDAQ,4,29,Y,2024-12-30 21:41:28.944129,2024-12-30 21:41:28.944129,487
NDSN,4,29,Y,2024-12-30 21:41:28.944129,2024-12-30 21:41:28.944129,488
NEE,4,29,Y,2024-12-30 21:41:28.944129,2024-12-30 21:41:28.944129,489
NEM,4,29,Y,2024-12-30 21:41:28.944129,2024-12-30 21:41:28.944129,490
NET,4,29,Y,2024-12-30 21:41:28.944129,2024-12-30 21:41:28.944129,491
NI,4,29,Y,2024-12-30 21:41:28.944129,2024-12-30 21:41:28.944129,492
NFLX,4,29,Y,2024-12-30 21:41:28.944129,2024-12-30 21:41:28.944129,493
NOC,4,29,Y,2024-12-30 21:41:28.944129,2024-12-30 21:41:28.944129,494
NOV,4,29,Y,2024-12-30 21:41:28.944129,2024-12-30 21:41:28.944129,495
NOW,4,29,Y,2024-12-30 21:41:28.944129,2024-12-30 21:41:28.944129,496
NRG,4,29,Y,2024-12-30 21:41:28.944129,2024-12-30 21:41:28.944129,497
NTAP,4,29,Y,2024-12-30 21:41:28.944129,2024-12-30 21:41:28.944129,498
NTLA,4,29,Y,2024-12-30 21:41:28.944129,2024-12-30 21:41:28.944129,499
NTNX,4,29,Y,2024-12-30 21:41:28.944129,2024-12-30 21:41:28.944129,500
NTRS,4,29,Y,2024-12-30 21:41:28.944129,2024-12-30 21:41:28.944129,501
NSC,4,29,Y,2024-12-30 21:41:28.944129,2024-12-30 21:41:28.944129,502
NUE,4,29,Y,2024-12-30 21:41:28.944129,2024-12-30 21:41:28.944129,503
NVST,4,29,Y,2024-12-30 21:41:28.944129,2024-12-30 21:41:28.944129,504
NVDA,4,29,Y,2024-12-30 21:41:28.944129,2024-12-30 21:41:28.944129,505
NWL,4,29,Y,2024-12-30 21:41:28.944129,2024-12-30 21:41:28.944129,506
NWSA,4,29,Y,2024-12-30 21:41:28.944129,2024-12-30 21:41:28.944129,507
NXST,4,29,Y,2024-12-30 21:41:28.944129,2024-12-30 21:41:28.944129,508
NYT,4,29,Y,2024-12-30 21:41:28.944129,2024-12-30 21:41:28.944129,509
OC,4,29,Y,2024-12-30 21:41:28.944129,2024-12-30 21:41:28.944129,510
ODFL,4,29,Y,2024-12-30 21:41:28.944129,2024-12-30 21:41:28.944129,511
OGE,4,29,Y,2024-12-30 21:41:28.944129,2024-12-30 21:41:28.944129,512
OKTA,4,29,Y,2024-12-30 21:41:28.944129,2024-12-30 21:41:28.944129,513
OLED,4,29,Y,2024-12-30 21:41:28.944129,2024-12-30 21:41:28.944129,514
OLLI,4,29,Y,2024-12-30 21:41:28.944129,2024-12-30 21:41:28.944129,515
OKE,4,29,Y,2024-12-30 21:41:28.944129,2024-12-30 21:41:28.944129,516
OLN,4,29,Y,2024-12-30 21:41:28.944129,2024-12-30 21:41:28.944129,517
OMCL,4,29,Y,2024-12-30 21:41:28.944129,2024-12-30 21:41:28.944129,518
OMC,4,29,Y,2024-12-30 21:41:28.944129,2024-12-30 21:41:28.944129,519
OMF,4,29,Y,2024-12-30 21:41:28.944129,2024-12-30 21:41:28.944129,520
ON,4,29,Y,2024-12-30 21:41:28.944129,2024-12-30 21:41:28.944129,521
ORCL,4,29,Y,2024-12-30 21:41:28.944129,2024-12-30 21:41:28.944129,522
ORI,4,29,Y,2024-12-30 21:41:28.944129,2024-12-30 21:41:28.944129,523
OSK,4,29,Y,2024-12-30 21:41:28.944129,2024-12-30 21:41:28.944129,524
OTIS,4,29,Y,2024-12-30 21:41:28.944129,2024-12-30 21:41:28.944129,525
ORLY,4,29,Y,2024-12-30 21:41:28.944129,2024-12-30 21:41:28.944129,526
OZK,4,29,Y,2024-12-30 21:41:28.944129,2024-12-30 21:41:28.944129,527
PARA,4,29,Y,2024-12-30 21:41:28.944129,2024-12-30 21:41:28.944129,528
OXY,4,29,Y,2024-12-30 21:41:28.944129,2024-12-30 21:41:28.944129,529
PANW,4,29,Y,2024-12-30 21:41:28.944129,2024-12-30 21:41:28.944129,530
PAYC,4,29,Y,2024-12-30 21:41:28.944129,2024-12-30 21:41:28.944129,531
PAYX,4,29,Y,2024-12-30 21:41:28.944129,2024-12-30 21:41:28.944129,532
PCAR,4,29,Y,2024-12-30 21:41:28.944129,2024-12-30 21:41:28.944129,533
PCTY,4,29,Y,2024-12-30 21:41:28.944129,2024-12-30 21:41:28.944129,534
PEG,4,29,Y,2024-12-30 21:41:28.944129,2024-12-30 21:41:28.944129,535
PEGA,4,29,Y,2024-12-30 21:41:28.944129,2024-12-30 21:41:28.944129,536
PEN,4,29,Y,2024-12-30 21:41:28.944129,2024-12-30 21:41:28.944129,537
PENN,4,29,Y,2024-12-30 21:41:28.944129,2024-12-30 21:41:28.944129,538
PEP,4,29,Y,2024-12-30 21:41:28.944129,2024-12-30 21:41:28.944129,539
PFG,4,29,Y,2024-12-30 21:41:28.944129,2024-12-30 21:41:28.944129,540
PFGC,4,29,Y,2024-12-30 21:41:28.944129,2024-12-30 21:41:28.944129,541
PGNY,4,29,Y,2024-12-30 21:41:28.944129,2024-12-30 21:41:28.944129,542
PGR,4,29,Y,2024-12-30 21:41:28.944129,2024-12-30 21:41:28.944129,543
PH,4,29,Y,2024-12-30 21:41:28.944129,2024-12-30 21:41:28.944129,544
PHM,4,29,Y,2024-12-30 21:41:28.944129,2024-12-30 21:41:28.944129,545
PII,4,29,Y,2024-12-30 21:41:28.944129,2024-12-30 21:41:28.944129,546
PINS,4,29,Y,2024-12-30 21:41:28.944129,2024-12-30 21:41:28.944129,547
PKG,4,29,Y,2024-12-30 21:41:28.944129,2024-12-30 21:41:28.944129,548
PLD,4,29,Y,2024-12-30 21:41:28.944129,2024-12-30 21:41:28.944129,549
PLNT,4,29,Y,2024-12-30 21:41:28.944129,2024-12-30 21:41:28.944129,550
PNFP,4,29,Y,2024-12-30 21:41:28.944129,2024-12-30 21:41:28.944129,551
PM,4,29,Y,2024-12-30 21:41:28.944129,2024-12-30 21:41:28.944129,552
PNC,4,29,Y,2024-12-30 21:41:28.944129,2024-12-30 21:41:28.944129,553
PNW,4,29,Y,2024-12-30 21:41:28.944129,2024-12-30 21:41:28.944129,554
PODD,4,29,Y,2024-12-30 21:41:28.944129,2024-12-30 21:41:28.944129,555
POOL,4,29,Y,2024-12-30 21:41:28.944129,2024-12-30 21:41:28.944129,556
POST,4,29,Y,2024-12-30 21:41:28.944129,2024-12-30 21:41:28.944129,557
PPG,4,29,Y,2024-12-30 21:41:28.944129,2024-12-30 21:41:28.944129,558
PPL,4,29,Y,2024-12-30 21:41:28.944129,2024-12-30 21:41:28.944129,559
PRU,4,29,Y,2024-12-30 21:41:28.944129,2024-12-30 21:41:28.944129,560
PSA,4,29,Y,2024-12-30 21:41:28.944129,2024-12-30 21:41:28.944129,561
PSTG,4,29,Y,2024-12-30 21:41:28.944129,2024-12-30 21:41:28.944129,562
AAPL,4,29,Y,2024-12-30 21:41:28.944129,2024-12-30 21:41:28.944129,563
AXP,4,29,Y,2024-12-30 21:41:28.944129,2024-12-30 21:41:28.944129,564
BA,4,29,Y,2024-12-30 21:41:28.944129,2024-12-30 21:41:28.944129,565
CAT,4,29,Y,2024-12-30 21:41:28.944129,2024-12-30 21:41:28.944129,566
CSCO,4,29,Y,2024-12-30 21:41:28.944129,2024-12-30 21:41:28.944129,567
CVX,4,29,Y,2024-12-30 21:41:28.944129,2024-12-30 21:41:28.944129,568
DIS,4,29,Y,2024-12-30 21:41:28.944129,2024-12-30 21:41:28.944129,569
DOW,4,29,Y,2024-12-30 21:41:28.944129,2024-12-30 21:41:28.944129,570
GE,4,29,Y,2024-12-30 21:41:28.944129,2024-12-30 21:41:28.944129,571
GS,4,29,Y,2024-12-30 21:41:28.944129,2024-12-30 21:41:28.944129,572
HD,4,29,Y,2024-12-30 21:41:28.944129,2024-12-30 21:41:28.944129,573
IBM,4,29,Y,2024-12-30 21:41:28.944129,2024-12-30 21:41:28.944129,574
INTC,4,29,Y,2024-12-30 21:41:28.944129,2024-12-30 21:41:28.944129,575
JNJ,4,29,Y,2024-12-30 21:41:28.944129,2024-12-30 21:41:28.944129,576
JPM,4,29,Y,2024-12-30 21:41:28.944129,2024-12-30 21:41:28.944129,577
KO,4,29,Y,2024-12-30 21:41:28.944129,2024-12-30 21:41:28.944129,578
MCD,4,29,Y,2024-12-30 21:41:28.944129,2024-12-30 21:41:28.944129,579
MMM,4,29,Y,2024-12-30 21:41:28.944129,2024-12-30 21:41:28.944129,580
MRK,4,29,Y,2024-12-30 21:41:28.944129,2024-12-30 21:41:28.944129,581
MSFT,4,29,Y,2024-12-30 21:41:28.944129,2024-12-30 21:41:28.944129,582
NKE,4,29,Y,2024-12-30 21:41:28.944129,2024-12-30 21:41:28.944129,583
PFE,4,29,Y,2024-12-30 21:41:28.944129,2024-12-30 21:41:28.944129,584
PG,4,29,Y,2024-12-30 21:41:28.944129,2024-12-30 21:41:28.944129,585
TRV,4,29,Y,2024-12-30 21:41:28.944129,2024-12-30 21:41:28.944129,586
UNH,4,29,Y,2024-12-30 21:41:28.944129,2024-12-30 21:41:28.944129,587
V,4,29,Y,2024-12-30 21:41:28.944129,2024-12-30 21:41:28.944129,588
VZ,4,29,Y,2024-12-30 21:41:28.944129,2024-12-30 21:41:28.944129,589
WMT,4,29,Y,2024-12-30 21:41:28.944129,2024-12-30 21:41:28.944129,590
XOM,4,29,Y,2024-12-30 21:41:28.944129,2024-12-30 21:41:28.944129,591
PVH,4,29,Y,2024-12-30 21:41:28.944129,2024-12-30 21:41:28.944129,592
PWR,4,29,Y,2024-12-30 21:41:28.944129,2024-12-30 21:41:28.944129,593
QTWO,4,29,Y,2024-12-30 21:41:28.944129,2024-12-30 21:41:28.944129,594
RCL,4,29,Y,2024-12-30 21:41:28.944129,2024-12-30 21:41:28.944129,595
RF,4,29,Y,2024-12-30 21:41:28.944129,2024-12-30 21:41:28.944129,596
RGA,4,29,Y,2024-12-30 21:41:28.944129,2024-12-30 21:41:28.944129,597
RH,4,29,Y,2024-12-30 21:41:28.944129,2024-12-30 21:41:28.944129,598
RHI,4,29,Y,2024-12-30 21:41:28.944129,2024-12-30 21:41:28.944129,599
RJF,4,29,Y,2024-12-30 21:41:28.944129,2024-12-30 21:41:28.944129,600
RL,4,29,Y,2024-12-30 21:41:28.944129,2024-12-30 21:41:28.944129,601
RMD,4,29,Y,2024-12-30 21:41:28.944129,2024-12-30 21:41:28.944129,602
RNG,4,29,Y,2024-12-30 21:41:28.944129,2024-12-30 21:41:28.944129,603
ROK,4,29,Y,2024-12-30 21:41:28.944129,2024-12-30 21:41:28.944129,604
ROL,4,29,Y,2024-12-30 21:41:28.944129,2024-12-30 21:41:28.944129,605
ROP,4,29,Y,2024-12-30 21:41:28.944129,2024-12-30 21:41:28.944129,606
RPM,4,29,Y,2024-12-30 21:41:28.944129,2024-12-30 21:41:28.944129,607
RRX,4,29,Y,2024-12-30 21:41:28.944129,2024-12-30 21:41:28.944129,608
RS,4,29,Y,2024-12-30 21:41:28.944129,2024-12-30 21:41:28.944129,609
RSG,4,29,Y,2024-12-30 21:41:28.944129,2024-12-30 21:41:28.944129,610
RTX,4,29,Y,2024-12-30 21:41:28.944129,2024-12-30 21:41:28.944129,611
RVTY,4,29,Y,2024-12-30 21:41:28.944129,2024-12-30 21:41:28.944129,612
PTC,4,29,Y,2024-12-30 21:41:28.944129,2024-12-30 21:41:28.944129,613
PTON,4,29,Y,2024-12-30 21:41:28.944129,2024-12-30 21:41:28.944129,614
PYPL,4,29,Y,2024-12-30 21:41:28.944129,2024-12-30 21:41:28.944129,615
QCOM,4,29,Y,2024-12-30 21:41:28.944129,2024-12-30 21:41:28.944129,616
QRVO,4,29,Y,2024-12-30 21:41:28.944129,2024-12-30 21:41:28.944129,617
RARE,4,29,Y,2024-12-30 21:41:28.944129,2024-12-30 21:41:28.944129,618
REGN,4,29,Y,2024-12-30 21:41:28.944129,2024-12-30 21:41:28.944129,619
RGEN,4,29,Y,2024-12-30 21:41:28.944129,2024-12-30 21:41:28.944129,620
RGLD,4,29,Y,2024-12-30 21:41:28.944129,2024-12-30 21:41:28.944129,621
ROKU,4,29,Y,2024-12-30 21:41:28.944129,2024-12-30 21:41:28.944129,622
ROST,4,29,Y,2024-12-30 21:41:28.944129,2024-12-30 21:41:28.944129,623
RRR,4,29,Y,2024-12-30 21:41:28.944129,2024-12-30 21:41:28.944129,624
RUN,4,29,Y,2024-12-30 21:41:28.944129,2024-12-30 21:41:28.944129,625
SAIA,4,29,Y,2024-12-30 21:41:28.944129,2024-12-30 21:41:28.944129,626
SAIC,4,29,Y,2024-12-30 21:41:28.944129,2024-12-30 21:41:28.944129,627
SAM,4,29,Y,2024-12-30 21:41:28.944129,2024-12-30 21:41:28.944129,628
SCHW,4,29,Y,2024-12-30 21:41:28.944129,2024-12-30 21:41:28.944129,629
SCI,4,29,Y,2024-12-30 21:41:28.944129,2024-12-30 21:41:28.944129,630
SEE,4,29,Y,2024-12-30 21:41:28.944129,2024-12-30 21:41:28.944129,631
SF,4,29,Y,2024-12-30 21:41:28.944129,2024-12-30 21:41:28.944129,632
SHW,4,29,Y,2024-12-30 21:41:28.944129,2024-12-30 21:41:28.944129,633
SITE,4,29,Y,2024-12-30 21:41:28.944129,2024-12-30 21:41:28.944129,634
SJM,4,29,Y,2024-12-30 21:41:28.944129,2024-12-30 21:41:28.944129,635
SKX,4,29,Y,2024-12-30 21:41:28.944129,2024-12-30 21:41:28.944129,636
SLB,4,29,Y,2024-12-30 21:41:28.944129,2024-12-30 21:41:28.944129,637
SMAR,4,29,Y,2024-12-30 21:41:28.944129,2024-12-30 21:41:28.944129,638
SMG,4,29,Y,2024-12-30 21:41:28.944129,2024-12-30 21:41:28.944129,639
SNA,4,29,Y,2024-12-30 21:41:28.944129,2024-12-30 21:41:28.944129,640
SNAP,4,29,Y,2024-12-30 21:41:28.944129,2024-12-30 21:41:28.944129,641
SNV,4,29,Y,2024-12-30 21:41:28.944129,2024-12-30 21:41:28.944129,642
SNX,4,29,Y,2024-12-30 21:41:28.944129,2024-12-30 21:41:28.944129,643
SO,4,29,Y,2024-12-30 21:41:28.944129,2024-12-30 21:41:28.944129,644
SPG,4,29,Y,2024-12-30 21:41:28.944129,2024-12-30 21:41:28.944129,645
SPGI,4,29,Y,2024-12-30 21:41:28.944129,2024-12-30 21:41:28.944129,646
SPR,4,29,Y,2024-12-30 21:41:28.944129,2024-12-30 21:41:28.944129,647
SQ,4,29,Y,2024-12-30 21:41:28.944129,2024-12-30 21:41:28.944129,648
SRE,4,29,Y,2024-12-30 21:41:28.944129,2024-12-30 21:41:28.944129,649
ST,4,29,Y,2024-12-30 21:41:28.944129,2024-12-30 21:41:28.944129,650
STE,4,29,Y,2024-12-30 21:41:28.944129,2024-12-30 21:41:28.944129,651
STT,4,29,Y,2024-12-30 21:41:28.944129,2024-12-30 21:41:28.944129,652
STZ,4,29,Y,2024-12-30 21:41:28.944129,2024-12-30 21:41:28.944129,653
SWK,4,29,Y,2024-12-30 21:41:28.944129,2024-12-30 21:41:28.944129,654
SYF,4,29,Y,2024-12-30 21:41:28.944129,2024-12-30 21:41:28.944129,655
SYK,4,29,Y,2024-12-30 21:41:28.944129,2024-12-30 21:41:28.944129,656
SYY,4,29,Y,2024-12-30 21:41:28.944129,2024-12-30 21:41:28.944129,657
T,4,29,Y,2024-12-30 21:41:28.944129,2024-12-30 21:41:28.944129,658
SBUX,4,29,Y,2024-12-30 21:41:28.944129,2024-12-30 21:41:28.944129,659
SLAB,4,29,Y,2024-12-30 21:41:28.944129,2024-12-30 21:41:28.944129,660
SLM,4,29,Y,2024-12-30 21:41:28.944129,2024-12-30 21:41:28.944129,661
SNPS,4,29,Y,2024-12-30 21:41:28.944129,2024-12-30 21:41:28.944129,662
SRPT,4,29,Y,2024-12-30 21:41:28.944129,2024-12-30 21:41:28.944129,663
SSNC,4,29,Y,2024-12-30 21:41:28.944129,2024-12-30 21:41:28.944129,664
STLD,4,29,Y,2024-12-30 21:41:28.944129,2024-12-30 21:41:28.944129,665
SWKS,4,29,Y,2024-12-30 21:41:28.944129,2024-12-30 21:41:28.944129,666
SYNA,4,29,Y,2024-12-30 21:41:28.944129,2024-12-30 21:41:28.944129,667
TECH,4,29,Y,2024-12-30 21:41:28.944129,2024-12-30 21:41:28.944129,668
TER,4,29,Y,2024-12-30 21:41:28.944129,2024-12-30 21:41:28.944129,669
TMUS,4,29,Y,2024-12-30 21:41:28.944129,2024-12-30 21:41:28.944129,670
TNDM,4,29,Y,2024-12-30 21:41:28.944129,2024-12-30 21:41:28.944129,671
TRIP,4,29,Y,2024-12-30 21:41:28.944129,2024-12-30 21:41:28.944129,672
TRMB,4,29,Y,2024-12-30 21:41:28.944129,2024-12-30 21:41:28.944129,673
TROW,4,29,Y,2024-12-30 21:41:28.944129,2024-12-30 21:41:28.944129,674
TSCO,4,29,Y,2024-12-30 21:41:28.944129,2024-12-30 21:41:28.944129,675
TSLA,4,29,Y,2024-12-30 21:41:28.944129,2024-12-30 21:41:28.944129,676
TTD,4,29,Y,2024-12-30 21:41:28.944129,2024-12-30 21:41:28.944129,677
TTEK,4,29,Y,2024-12-30 21:41:28.944129,2024-12-30 21:41:28.944129,678
TTWO,4,29,Y,2024-12-30 21:41:28.944129,2024-12-30 21:41:28.944129,679
TXG,4,29,Y,2024-12-30 21:41:28.944129,2024-12-30 21:41:28.944129,680
TXN,4,29,Y,2024-12-30 21:41:28.944129,2024-12-30 21:41:28.944129,681
TXRH,4,29,Y,2024-12-30 21:41:28.944129,2024-12-30 21:41:28.944129,682
ULTA,4,29,Y,2024-12-30 21:41:28.944129,2024-12-30 21:41:28.944129,683
UTHR,4,29,Y,2024-12-30 21:41:28.944129,2024-12-30 21:41:28.944129,684
VIR,4,29,Y,2024-12-30 21:41:28.944129,2024-12-30 21:41:28.944129,685
VIRT,4,29,Y,2024-12-30 21:41:28.944129,2024-12-30 21:41:28.944129,686
VRNS,4,29,Y,2024-12-30 21:41:28.944129,2024-12-30 21:41:28.944129,687
VRSK,4,29,Y,2024-12-30 21:41:28.944129,2024-12-30 21:41:28.944129,688
VRSN,4,29,Y,2024-12-30 21:41:28.944129,2024-12-30 21:41:28.944129,689
VRTX,4,29,Y,2024-12-30 21:41:28.944129,2024-12-30 21:41:28.944129,690
VTRS,4,29,Y,2024-12-30 21:41:28.944129,2024-12-30 21:41:28.944129,691
WBA,4,29,Y,2024-12-30 21:41:28.944129,2024-12-30 21:41:28.944129,692
WDAY,4,29,Y,2024-12-30 21:41:28.944129,2024-12-30 21:41:28.944129,693
WDC,4,29,Y,2024-12-30 21:41:28.944129,2024-12-30 21:41:28.944129,694
TAP,4,29,Y,2024-12-30 21:41:28.944129,2024-12-30 21:41:28.944129,695
TDG,4,29,Y,2024-12-30 21:41:28.944129,2024-12-30 21:41:28.944129,696
TDOC,4,29,Y,2024-12-30 21:41:28.944129,2024-12-30 21:41:28.944129,697
TDY,4,29,Y,2024-12-30 21:41:28.944129,2024-12-30 21:41:28.944129,698
TFC,4,29,Y,2024-12-30 21:41:28.944129,2024-12-30 21:41:28.944129,699
TFX,4,29,Y,2024-12-30 21:41:28.944129,2024-12-30 21:41:28.944129,700
TGT,4,29,Y,2024-12-30 21:41:28.944129,2024-12-30 21:41:28.944129,701
THC,4,29,Y,2024-12-30 21:41:28.944129,2024-12-30 21:41:28.944129,702
THO,4,29,Y,2024-12-30 21:41:28.944129,2024-12-30 21:41:28.944129,703
TJX,4,29,Y,2024-12-30 21:41:28.944129,2024-12-30 21:41:28.944129,704
TKR,4,29,Y,2024-12-30 21:41:28.944129,2024-12-30 21:41:28.944129,705
TMO,4,29,Y,2024-12-30 21:41:28.944129,2024-12-30 21:41:28.944129,706
TNL,4,29,Y,2024-12-30 21:41:28.944129,2024-12-30 21:41:28.944129,707
TOL,4,29,Y,2024-12-30 21:41:28.944129,2024-12-30 21:41:28.944129,708
TPL,4,29,Y,2024-12-30 21:41:28.944129,2024-12-30 21:41:28.944129,709
TPR,4,29,Y,2024-12-30 21:41:28.944129,2024-12-30 21:41:28.944129,710
TPX,4,29,Y,2024-12-30 21:41:28.944129,2024-12-30 21:41:28.944129,711
TREX,4,29,Y,2024-12-30 21:41:28.944129,2024-12-30 21:41:28.944129,712
TRGP,4,29,Y,2024-12-30 21:41:28.944129,2024-12-30 21:41:28.944129,713
TRU,4,29,Y,2024-12-30 21:41:28.944129,2024-12-30 21:41:28.944129,714
TSN,4,29,Y,2024-12-30 21:41:28.944129,2024-12-30 21:41:28.944129,715
TTC,4,29,Y,2024-12-30 21:41:28.944129,2024-12-30 21:41:28.944129,716
TWLO,4,29,Y,2024-12-30 21:41:28.944129,2024-12-30 21:41:28.944129,717
TXT,4,29,Y,2024-12-30 21:41:28.944129,2024-12-30 21:41:28.944129,718
TYL,4,29,Y,2024-12-30 21:41:28.944129,2024-12-30 21:41:28.944129,719
UAA,4,29,Y,2024-12-30 21:41:28.944129,2024-12-30 21:41:28.944129,720
UAL,4,29,Y,2024-12-30 21:41:28.944129,2024-12-30 21:41:28.944129,721
UBER,4,29,Y,2024-12-30 21:41:28.944129,2024-12-30 21:41:28.944129,722
UGI,4,29,Y,2024-12-30 21:41:28.944129,2024-12-30 21:41:28.944129,723
UHS,4,29,Y,2024-12-30 21:41:28.944129,2024-12-30 21:41:28.944129,724
UNM,4,29,Y,2024-12-30 21:41:28.944129,2024-12-30 21:41:28.944129,725
UNP,4,29,Y,2024-12-30 21:41:28.944129,2024-12-30 21:41:28.944129,726
UPS,4,29,Y,2024-12-30 21:41:28.944129,2024-12-30 21:41:28.944129,727
URI,4,29,Y,2024-12-30 21:41:28.944129,2024-12-30 21:41:28.944129,728
USB,4,29,Y,2024-12-30 21:41:28.944129,2024-12-30 21:41:28.944129,729
USFD,4,29,Y,2024-12-30 21:41:28.944129,2024-12-30 21:41:28.944129,730
VAC,4,29,Y,2024-12-30 21:41:28.944129,2024-12-30 21:41:28.944129,731
VEEV,4,29,Y,2024-12-30 21:41:28.944129,2024-12-30 21:41:28.944129,732
VFC,4,29,Y,2024-12-30 21:41:28.944129,2024-12-30 21:41:28.944129,733
VLO,4,29,Y,2024-12-30 21:41:28.944129,2024-12-30 21:41:28.944129,734
VMC,4,29,Y,2024-12-30 21:41:28.944129,2024-12-30 21:41:28.944129,735
VOYA,4,29,Y,2024-12-30 21:41:28.944129,2024-12-30 21:41:28.944129,736
VST,4,29,Y,2024-12-30 21:41:28.944129,2024-12-30 21:41:28.944129,737
VVV,4,29,Y,2024-12-30 21:41:28.944129,2024-12-30 21:41:28.944129,738
VYX,4,29,Y,2024-12-30 21:41:28.944129,2024-12-30 21:41:28.944129,739
W,4,29,Y,2024-12-30 21:41:28.944129,2024-12-30 21:41:28.944129,740
WAB,4,29,Y,2024-12-30 21:41:28.944129,2024-12-30 21:41:28.944129,741
WAL,4,29,Y,2024-12-30 21:41:28.944129,2024-12-30 21:41:28.944129,742
WAT,4,29,Y,2024-12-30 21:41:28.944129,2024-12-30 21:41:28.944129,743
WCC,4,29,Y,2024-12-30 21:41:28.944129,2024-12-30 21:41:28.944129,744
WEC,4,29,Y,2024-12-30 21:41:28.944129,2024-12-30 21:41:28.944129,745
WEX,4,29,Y,2024-12-30 21:41:28.944129,2024-12-30 21:41:28.944129,746
WFC,4,29,Y,2024-12-30 21:41:28.944129,2024-12-30 21:41:28.944129,747
WH,4,29,Y,2024-12-30 21:41:28.944129,2024-12-30 21:41:28.944129,748
WHR,4,29,Y,2024-12-30 21:41:28.944129,2024-12-30 21:41:28.944129,749
WK,4,29,Y,2024-12-30 21:41:28.944129,2024-12-30 21:41:28.944129,750
WM,4,29,Y,2024-12-30 21:41:28.944129,2024-12-30 21:41:28.944129,751
WMB,4,29,Y,2024-12-30 21:41:28.944129,2024-12-30 21:41:28.944129,752
WMS,4,29,Y,2024-12-30 21:41:28.944129,2024-12-30 21:41:28.944129,753
WOLF,4,29,Y,2024-12-30 21:41:28.944129,2024-12-30 21:41:28.944129,754
WRB,4,29,Y,2024-12-30 21:41:28.944129,2024-12-30 21:41:28.944129,755
WSM,4,29,Y,2024-12-30 21:41:28.944129,2024-12-30 21:41:28.944129,756
WSO,4,29,Y,2024-12-30 21:41:28.944129,2024-12-30 21:41:28.944129,757
WST,4,29,Y,2024-12-30 21:41:28.944129,2024-12-30 21:41:28.944129,758
WTRG,4,29,Y,2024-12-30 21:41:28.944129,2024-12-30 21:41:28.944129,759
WU,4,29,Y,2024-12-30 21:41:28.944129,2024-12-30 21:41:28.944129,760
X,4,29,Y,2024-12-30 21:41:28.944129,2024-12-30 21:41:28.944129,761
XPO,4,29,Y,2024-12-30 21:41:28.944129,2024-12-30 21:41:28.944129,762
XYL,4,29,Y,2024-12-30 21:41:28.944129,2024-12-30 21:41:28.944129,763
YETI,4,29,Y,2024-12-30 21:41:28.944129,2024-12-30 21:41:28.944129,764
YUM,4,29,Y,2024-12-30 21:41:28.944129,2024-12-30 21:41:28.944129,765
ZBH,4,29,Y,2024-12-30 21:41:28.944129,2024-12-30 21:41:28.944129,766
ZTS,4,29,Y,2024-12-30 21:41:28.944129,2024-12-30 21:41:28.944129,767
WWD,4,29,Y,2024-12-30 21:41:28.944129,2024-12-30 21:41:28.944129,768
WYNN,4,29,Y,2024-12-30 21:41:28.944129,2024-12-30 21:41:28.944129,769
XEL,4,29,Y,2024-12-30 21:41:28.944129,2024-12-30 21:41:28.944129,770
XRAY,4,29,Y,2024-12-30 21:41:28.944129,2024-12-30 21:41:28.944129,771
ZBRA,4,29,Y,2024-12-30 21:41:28.944129,2024-12-30 21:41:28.944129,772
ZD,4,29,Y,2024-12-30 21:41:28.944129,2024-12-30 21:41:28.944129,773
ZG,4,29,Y,2024-12-30 21:41:28.944129,2024-12-30 21:41:28.944129,774
ZI,4,29,Y,2024-12-30 21:41:28.944129,2024-12-30 21:41:28.944129,775
ZION,4,29,Y,2024-12-30 21:41:28.944129,2024-12-30 21:41:28.944129,776
ZM,4,29,Y,2024-12-30 21:41:28.944129,2024-12-30 21:41:28.944129,777
ZS,4,29,Y,2024-12-30 21:41:28.944129,2024-12-30 21:41:28.944129,778
ZWS,4,29,Y,2024-12-30 21:41:28.944129,2024-12-30 21:41:28.944129,779
COIN,4,29,Y,2024-12-30 21:41:28.944129,2024-12-30 21:41:28.944129,780
AAXJ,5,33,Y,2024-12-30 21:41:28.945648,2024-12-30 21:41:28.945648,781
ARKG,5,33,Y,2024-12-30 21:41:28.945648,2024-12-30 21:41:28.945648,782
ARKK,5,33,Y,2024-12-30 21:41:28.945648,2024-12-30 21:41:28.945648,783
ARKW,5,33,Y,2024-12-30 21:41:28.945648,2024-12-30 21:41:28.945648,784
DGRO,5,33,Y,2024-12-30 21:41:28.945648,2024-12-30 21:41:28.945648,785
DIA,5,33,Y,2024-12-30 21:41:28.945648,2024-12-30 21:41:28.945648,786
DVY,5,33,Y,2024-12-30 21:41:28.945648,2024-12-30 21:41:28.945648,787
EEM,5,33,Y,2024-12-30 21:41:28.945648,2024-12-30 21:41:28.945648,788
EFA,5,33,Y,2024-12-30 21:41:28.945648,2024-12-30 21:41:28.945648,789
EFAV,5,33,Y,2024-12-30 21:41:28.945648,2024-12-30 21:41:28.945648,790
EFG,5,33,Y,2024-12-30 21:41:28.945648,2024-12-30 21:41:28.945648,791
EFV,5,33,Y,2024-12-30 21:41:28.945648,2024-12-30 21:41:28.945648,792
EMB,5,33,Y,2024-12-30 21:41:28.945648,2024-12-30 21:41:28.945648,793
ESGU,5,33,Y,2024-12-30 21:41:28.945648,2024-12-30 21:41:28.945648,794
EWJ,5,33,Y,2024-12-30 21:41:28.945648,2024-12-30 21:41:28.945648,795
EWT,5,33,Y,2024-12-30 21:41:28.945648,2024-12-30 21:41:28.945648,796
EWY,5,33,Y,2024-12-30 21:41:28.945648,2024-12-30 21:41:28.945648,797
EWZ,5,33,Y,2024-12-30 21:41:28.945648,2024-12-30 21:41:28.945648,798
EZU,5,33,Y,2024-12-30 21:41:28.945648,2024-12-30 21:41:28.945648,799
FDN,5,33,Y,2024-12-30 21:41:28.945648,2024-12-30 21:41:28.945648,800
FTEC,5,33,Y,2024-12-30 21:41:28.945648,2024-12-30 21:41:28.945648,801
FVD,5,33,Y,2024-12-30 21:41:28.945648,2024-12-30 21:41:28.945648,802
GDX,5,33,Y,2024-12-30 21:41:28.945648,2024-12-30 21:41:28.945648,803
GDXJ,5,33,Y,2024-12-30 21:41:28.945648,2024-12-30 21:41:28.945648,804
GLD,5,33,Y,2024-12-30 21:41:28.945648,2024-12-30 21:41:28.945648,805
GSLC,5,33,Y,2024-12-30 21:41:28.945648,2024-12-30 21:41:28.945648,806
HDV,5,33,Y,2024-12-30 21:41:28.945648,2024-12-30 21:41:28.945648,807
IBB,5,33,Y,2024-12-30 21:41:28.945648,2024-12-30 21:41:28.945648,808
ICLN,5,33,Y,2024-12-30 21:41:28.945648,2024-12-30 21:41:28.945648,809
IGV,5,33,Y,2024-12-30 21:41:28.945648,2024-12-30 21:41:28.945648,810
IHI,5,33,Y,2024-12-30 21:41:28.945648,2024-12-30 21:41:28.945648,811
IJH,5,33,Y,2024-12-30 21:41:28.945648,2024-12-30 21:41:28.945648,812
IJR,5,33,Y,2024-12-30 21:41:28.945648,2024-12-30 21:41:28.945648,813
IJS,5,33,Y,2024-12-30 21:41:28.945648,2024-12-30 21:41:28.945648,814
INDA,5,33,Y,2024-12-30 21:41:28.945648,2024-12-30 21:41:28.945648,815
ITOT,5,33,Y,2024-12-30 21:41:28.945648,2024-12-30 21:41:28.945648,816
IUSG,5,33,Y,2024-12-30 21:41:28.945648,2024-12-30 21:41:28.945648,817
IUSV,5,33,Y,2024-12-30 21:41:28.945648,2024-12-30 21:41:28.945648,818
IVE,5,33,Y,2024-12-30 21:41:28.945648,2024-12-30 21:41:28.945648,819
IVW,5,33,Y,2024-12-30 21:41:28.945648,2024-12-30 21:41:28.945648,820
IWB,5,33,Y,2024-12-30 21:41:28.945648,2024-12-30 21:41:28.945648,821
IWD,5,33,Y,2024-12-30 21:41:28.945648,2024-12-30 21:41:28.945648,822
IWF,5,33,Y,2024-12-30 21:41:28.945648,2024-12-30 21:41:28.945648,823
IWM,5,33,Y,2024-12-30 21:41:28.945648,2024-12-30 21:41:28.945648,824
IWN,5,33,Y,2024-12-30 21:41:28.945648,2024-12-30 21:41:28.945648,825
IWO,5,33,Y,2024-12-30 21:41:28.945648,2024-12-30 21:41:28.945648,826
IWS,5,33,Y,2024-12-30 21:41:28.945648,2024-12-30 21:41:28.945648,827
IYR,5,33,Y,2024-12-30 21:41:28.945648,2024-12-30 21:41:28.945648,828
IYW,5,33,Y,2024-12-30 21:41:28.945648,2024-12-30 21:41:28.945648,829
KRE,5,33,Y,2024-12-30 21:41:28.945648,2024-12-30 21:41:28.945648,830
MCHI,5,33,Y,2024-12-30 21:41:28.945648,2024-12-30 21:41:28.945648,831
MDY,5,33,Y,2024-12-30 21:41:28.945648,2024-12-30 21:41:28.945648,832
MTUM,5,33,Y,2024-12-30 21:41:28.945648,2024-12-30 21:41:28.945648,833
OEF,5,33,Y,2024-12-30 21:41:28.945648,2024-12-30 21:41:28.945648,834
PFF,5,33,Y,2024-12-30 21:41:28.945648,2024-12-30 21:41:28.945648,835
QQQ,5,33,Y,2024-12-30 21:41:28.945648,2024-12-30 21:41:28.945648,836
QUAL,5,33,Y,2024-12-30 21:41:28.945648,2024-12-30 21:41:28.945648,837
RSP,5,33,Y,2024-12-30 21:41:28.945648,2024-12-30 21:41:28.945648,838
SCHB,5,33,Y,2024-12-30 21:41:28.945648,2024-12-30 21:41:28.945648,839
SCHD,5,33,Y,2024-12-30 21:41:28.945648,2024-12-30 21:41:28.945648,840
SCHF,5,33,Y,2024-12-30 21:41:28.945648,2024-12-30 21:41:28.945648,841
SCHG,5,33,Y,2024-12-30 21:41:28.945648,2024-12-30 21:41:28.945648,842
SCHV,5,33,Y,2024-12-30 21:41:28.945648,2024-12-30 21:41:28.945648,843
SCZ,5,33,Y,2024-12-30 21:41:28.945648,2024-12-30 21:41:28.945648,844
SKYY,5,33,Y,2024-12-30 21:41:28.945648,2024-12-30 21:41:28.945648,845
SLV,5,33,Y,2024-12-30 21:41:28.945648,2024-12-30 21:41:28.945648,846
SMH,5,33,Y,2024-12-30 21:41:28.945648,2024-12-30 21:41:28.945648,847
SOXX,5,33,Y,2024-12-30 21:41:28.945648,2024-12-30 21:41:28.945648,848
SPDW,5,33,Y,2024-12-30 21:41:28.945648,2024-12-30 21:41:28.945648,849
SPLV,5,33,Y,2024-12-30 21:41:28.945648,2024-12-30 21:41:28.945648,850
SPY,5,33,Y,2024-12-30 21:41:28.945648,2024-12-30 21:41:28.945648,851
SPYG,5,33,Y,2024-12-30 21:41:28.945648,2024-12-30 21:41:28.945648,852
SPYV,5,33,Y,2024-12-30 21:41:28.945648,2024-12-30 21:41:28.945648,853
TIP,5,33,Y,2024-12-30 21:41:28.945648,2024-12-30 21:41:28.945648,854
TLT,5,33,Y,2024-12-30 21:41:28.945648,2024-12-30 21:41:28.945648,855
USMV,5,33,Y,2024-12-30 21:41:28.945648,2024-12-30 21:41:28.945648,856
VDE,5,33,Y,2024-12-30 21:41:28.945648,2024-12-30 21:41:28.945648,857
VEA,5,33,Y,2024-12-30 21:41:28.945648,2024-12-30 21:41:28.945648,858
VGT,5,33,Y,2024-12-30 21:41:28.945648,2024-12-30 21:41:28.945648,859
VHT,5,33,Y,2024-12-30 21:41:28.945648,2024-12-30 21:41:28.945648,860
VLUE,5,33,Y,2024-12-30 21:41:28.945648,2024-12-30 21:41:28.945648,861
VNQ,5,33,Y,2024-12-30 21:41:28.945648,2024-12-30 21:41:28.945648,862
VOE,5,33,Y,2024-12-30 21:41:28.945648,2024-12-30 21:41:28.945648,863
VPL,5,33,Y,2024-12-30 21:41:28.945648,2024-12-30 21:41:28.945648,864
VT,5,33,Y,2024-12-30 21:41:28.945648,2024-12-30 21:41:28.945648,865
VTI,5,33,Y,2024-12-30 21:41:28.945648,2024-12-30 21:41:28.945648,866
VWO,5,33,Y,2024-12-30 21:41:28.945648,2024-12-30 21:41:28.945648,867
VXF,5,33,Y,2024-12-30 21:41:28.945648,2024-12-30 21:41:28.945648,868
VXUS,5,33,Y,2024-12-30 21:41:28.945648,2024-12-30 21:41:28.945648,869
XBI,5,33,Y,2024-12-30 21:41:28.945648,2024-12-30 21:41:28.945648,870
XLB,5,33,Y,2024-12-30 21:41:28.945648,2024-12-30 21:41:28.945648,871
XLC,5,33,Y,2024-12-30 21:41:28.945648,2024-12-30 21:41:28.945648,872
XLE,5,33,Y,2024-12-30 21:41:28.945648,2024-12-30 21:41:28.945648,873
XLF,5,33,Y,2024-12-30 21:41:28.945648,2024-12-30 21:41:28.945648,874
XLI,5,33,Y,2024-12-30 21:41:28.945648,2024-12-30 21:41:28.945648,875
XLK,5,33,Y,2024-12-30 21:41:28.945648,2024-12-30 21:41:28.945648,876
XLP,5,33,Y,2024-12-30 21:41:28.945648,2024-12-30 21:41:28.945648,877
XLU,5,33,Y,2024-12-30 21:41:28.945648,2024-12-30 21:41:28.945648,878
XLV,5,33,Y,2024-12-30 21:41:28.945648,2024-12-30 21:41:28.945648,879
XLY,5,33,Y,2024-12-30 21:41:28.945648,2024-12-30 21:41:28.945648,880
XAUUSD,0,2,Y,2024-12-30 21:41:28.947719,2024-12-30 21:41:28.947719,881
XAGUSD,0,2,Y,2024-12-30 21:41:28.947719,2024-12-30 21:41:28.947719,882
XNGUSD,1,4,Y,2024-12-30 21:41:28.947719,2024-12-30 21:41:28.947719,883
XTIUSD,1,4,Y,2024-12-30 21:41:28.947719,2024-12-30 21:41:28.947719,884
